date,portfolio,spy,turnover,cap_bench
2014-01-03,-0.0018632146239346684,0.0009807494380384973,1.0,-0.0018632146239346684
2014-01-10,0.006115965948265176,0.005607748216865938,0.008435257807013551,0.006115965948265176
2014-01-17,-0.028837963898012027,-0.030535875150479064,0.003745304423875033,-0.028837963898012027
2014-01-24,-0.0073380477043554545,-0.0060871374771429565,0.0033504598491809535,-0.0073380477043554545
2014-01-31,0.007516217871371465,0.009720087742194572,0.002623053180193345,0.007516217871371462
2014-02-07,0.024538688643148978,0.024930668710116066,0.0065051932550847435,0.02453868864314897
2014-02-14,-0.003016621993894574,0.0005430665821897218,0.008413624925573265,-0.0030166219938945744
2014-02-21,0.0024093798482531965,0.0020078798649338925,0.023191682014582604,0.0024093798482531965
2014-02-28,0.01991861803865097,0.01797982493847816,0.0345313342234931,0.01991861803865097
2014-03-07,-0.011587032229831823,-0.012661497376871944,0.013489913197567482,-0.011587032229831819
2014-03-14,0.013575294422119048,0.011178466426415845,0.0019604662077737363,0.013575294422119044
2014-03-21,0.00043033831578798387,-0.0009098036135900545,0.003215098158306142,0.000430338315787984
2014-03-28,-0.004257433377623948,-0.0038571390993048515,0.004408191789188106,-0.004257433377623948
2014-04-04,-0.014450279516455842,-0.016241016713449352,0.0038425519057994173,-0.014450279516455842
2014-04-11,0.019131216231578964,0.019187966654461874,0.0028389602140555556,0.019131216231578964
2014-04-17,0.0035142797358940657,0.003271643148283543,0.002548025591809458,0.0035142797358940657
2014-04-25,-0.0003509541260702305,0.0004811298803213404,0.003311397789266049,-0.00035095412607023054
2014-05-02,0.008286473780523926,0.008870840073313069,0.003424542157055143,0.008286473780523926
2014-05-09,-0.006464679780638762,-0.005879873110128386,0.004163733678758787,-0.006464679780638762
2014-05-16,0.01658732163469644,0.01795558891084026,0.00194393317066464,0.01658732163469644
2014-05-23,0.01037131284817023,0.009891867617929373,0.0020047774526217362,0.01037131284817023
2014-05-30,0.012377215230979425,0.012438609140451362,0.0016374107336326017,0.012377215230979425
2014-06-06,-0.007723946984241979,-0.007473867301120984,0.0014503360670698154,-0.007723946984241979
2014-06-13,0.01508518538422796,0.01567482477772142,0.0017892268710530631,0.01508518538422796
2014-06-20,-0.0013715298286939566,-0.0014802153037695165,0.0017317293444603264,-0.0013715298286939566
2014-06-27,0.009625341796494411,0.010833257287082843,0.0022668360461497315,0.009625341796494411
2014-07-03,-4.9766056468608656e-05,-0.0010614547413927422,0.0067120509363110675,-4.976605646860868e-05
2014-07-11,-0.0025936869990698013,-0.0026316219809646713,0.0034347924731695364,-0.0025936869990698013
2014-07-18,0.0028717635544784213,0.003399277710233628,0.0023327607151627334,0.002871763554478421
2014-07-25,-0.02386910483605957,-0.0247266284218971,0.0019236922167484877,-0.02386910483605957
2014-08-01,0.006626699093465066,0.005703121885452855,0.0020536136181544817,0.006626699093465066
2014-08-08,0.014233262248555556,0.014589666855430394,0.0021888860276533294,0.014233262248555556
2014-08-15,0.01842961857559725,0.016971721477745394,0.003075131323976522,0.01842961857559725
2014-08-22,0.004863818340108411,0.004147478976654462,0.0015022366898216496,0.004863818340108409
2014-08-29,-0.001074714343455524,-0.00024915415121051776,0.0015268991868076067,-0.0010747143434555238
2014-09-05,-0.0073021060313501664,-0.008759609946745184,0.0018282048577113004,-0.0073021060313501664
2014-09-12,0.011695786488432067,0.010677350109065564,0.001953363732775028,0.011695786488432067
2014-09-19,-0.019451530116705328,-0.020713703015208473,0.0016679154956505495,-0.019451530116705328
2014-09-26,0.006025112543401976,0.005810286578771917,0.0032843938481378703,0.006025112543401976
2014-10-03,-0.03212378762529242,-0.03486355128952878,0.0023818220911872214,-0.03212378762529242
2014-10-10,-0.01208653812998099,-0.012233443509093722,0.0020925860743634945,-0.01208653812998099
2014-10-17,0.03974224014333272,0.04039762710872008,0.003379898028522991,0.03974224014333272
2014-10-24,0.03098258942331419,0.03162507366183043,0.00340535308081512,0.030982589423314184
2014-10-31,0.009202511466704602,0.0072306763022038645,0.007583242510470331,0.009202511466704602
2014-11-07,0.0021997185345851316,0.002310752252757231,0.002581527706555163,0.0021997185345851316
2014-11-14,0.016320683856078457,0.016286729355165175,0.0023474957250248576,0.01632068385607845
2014-11-21,-0.0016075879434214446,-0.003716986377493958,0.002191337174613941,-0.0016075879434214446
2014-11-28,0.005804300077835746,0.005426501592957544,0.002540911657062314,0.005804300077835746
2014-12-05,-0.026148727792633282,-0.026696324469996258,0.003728695530554149,-0.02614872779263328
2014-12-12,0.02642112338603352,0.029265790854805518,0.002747911997071247,0.02642112338603352
2014-12-19,0.007617382342050892,0.007109920032118744,0.003415021600863299,0.007617382342050892
2014-12-26,-0.017770071716348528,-0.019450468800230825,0.003018845351340122,-0.017770071716348528
2015-01-02,0.0016564546836042378,0.0011754141838924426,0.002743837305118767,0.0016564546836042378
2015-01-09,-0.012916826654830085,-0.009833180602252134,0.1267790782202086,-0.01166578335233866
2015-01-16,0.012846982502183637,0.011413176325973273,0.004332545846765469,0.010905340009492498
2015-01-23,-0.020406218593263054,-0.022764003244841402,0.00470667061962652,-0.022771714478600075
2015-01-30,0.02158008327210504,0.023594294198349797,0.012450942906435919,0.02205128595645209
2015-02-06,0.02329716179517999,0.02261058995640619,0.014283334381229662,0.02177393054625595
2015-02-13,0.009656863095337823,0.007354495014653795,0.01632172356991783,0.008635720996097473
2015-02-20,-0.0013482994504183006,-0.0007584871619588096,0.02405714965820585,-0.001082880551929527
2015-02-27,-0.015090302405816018,-0.01442281141308055,0.04258818402045364,-0.015283492690168972
2015-03-06,-0.005703860258252311,-0.0049578456201170296,0.016799706792418954,-0.0044498806741828986
2015-03-13,0.023942155515123423,0.022491523157258886,0.004730164223776185,0.022734999872218546
2015-03-20,-0.017160930270429413,-0.016348185611048338,0.00430601179044181,-0.017109292476010847
2015-03-27,-0.008134558261287462,-0.0077787147600412165,0.007025246965767956,-0.00757554625942987
2015-04-02,0.023006711079005593,0.021911782681876657,0.007514029496039942,0.02162099570173377
2015-04-10,-0.004991879201477243,-0.0038595502131117954,0.0045785188177303315,-0.004098892457318896
2015-04-17,0.015446840879551038,0.015641623655729076,0.004409125728154435,0.015282398823232832
2015-04-24,-0.005615094070330966,-0.005180857769808922,0.03456926019566092,-0.004029927636330486
2015-05-01,0.0033829152063023097,0.0016099503682451832,0.03809327841364932,0.0035168781838293716
2015-05-08,0.005183074465169948,0.0031666820963283104,0.04937934426690768,0.004568602811319881
2015-05-15,0.0015120378066691314,0.0007537913159980647,0.011411452049173869,0.00013711543649686352
2015-05-22,-0.0037824247847545816,-0.002165844366504799,0.004055975933541424,-0.0034002551779834297
2015-05-29,-0.00999704514982927,-0.010852153037368195,0.003311438370694307,-0.009977780823485249
2015-06-05,-0.004853609791252185,-0.004769976797219133,0.0031202178555032913,-0.00410939257493644
2015-06-12,0.01970539231657842,0.02061347335536312,0.005784403520197438,0.018712970176770868
2015-06-19,-0.01887511580723442,-0.018215334920369086,0.0027036004233721026,-0.018155203780714578
2015-06-26,-0.01163277863689029,-0.010958709904081876,0.006372604094667217,-0.0118750596135343
2015-07-02,0.016661549992009902,0.015648141279571703,0.0024276035401794814,0.01668535824464059
2015-07-10,0.015733023306730185,0.017991275370191184,0.0044839943522205095,0.015132778693319615
2015-07-17,-0.027865233624274323,-0.027308994416004317,0.00655468790989245,-0.026476199819199374
2015-07-24,0.019555578067286812,0.01700995022520746,0.019454195315469876,0.018632943701363303
2015-07-31,-0.0039034961182858726,-0.005606732574340412,0.037025839429184436,-0.003365159739745382
2015-08-07,-0.002613210201807214,-0.002723628427231284,0.03565830506087657,-0.0025008817950326213
2015-08-14,-0.10961618670485822,-0.10167207872989803,0.015327907640229734,-0.10860846334277352
2015-08-21,0.06768136897486746,0.05664272576211382,0.011101147758490151,0.06473022473936255
2015-08-28,-0.011683304241800386,-0.010953377452165958,0.010561090483868043,-0.012207797754691866
2015-09-04,0.008344696774524686,0.005154433943347803,0.005991084361489216,0.005800936166973643
2015-09-11,0.0017877210863283869,0.0025957819044104546,0.004272407780532057,0.002650682573666776
2015-09-18,-0.021410169535755252,-0.023721998728823968,0.0041191154906798635,-0.02158690458138055
2015-09-25,0.01846318557449124,0.024403183242853288,0.003746967994049254,0.02161184418216126
2015-10-02,0.024947994579168964,0.02524684452510817,0.0028184175745290217,0.025387738729085937
2015-10-09,0.004296481649190781,0.0053616840588111,0.00909590187200087,0.004223940224875297
2015-10-16,0.02692094203225323,0.023703652118759022,0.003932689360852195,0.026712384132003088
2015-10-23,0.004257276057760617,0.004920567900126738,0.022467114799743615,0.0031905270068539686
2015-10-30,0.005396995551420642,0.004752392760212887,0.030948572646732304,0.006015119443349265
2015-11-06,-0.034872808190227714,-0.03339546286128292,0.04733788327702166,-0.03381214934831713
2015-11-13,0.036577599436282214,0.03489516832293105,0.01784676743695182,0.03421722822502562
2015-11-20,0.0013652397298096477,0.0017668890715587526,0.007846049847843078,0.001952636780947052
2015-11-27,-0.00040290993897524474,-0.0024791074365732024,0.004540541247349186,-0.0017036858773569993
2015-12-04,-0.035002502026875694,-0.03422067665774531,0.003923519557152576,-0.03412887907900224
2015-12-11,0.004427685039813896,0.0026658756581150467,0.003434406452101334,0.004110499407945826
2015-12-18,0.015692406750499262,0.017129104340145807,0.004045880925324831,0.016444700429272
2015-12-24,-0.021742974035481217,-0.021331623347135675,0.0032866019780121813,-0.020859965440586506
2015-12-31,-0.03985277289462753,-0.03730827477825194,0.00433034883316186,-0.03997555168521279
2016-01-08,-0.01478608077207768,-0.015802405926388263,0.0057960915040999456,-0.014703039582459299
2016-01-15,-0.001375425312003276,-0.00021093493507828853,0.24938569462742718,0.0005747829015486297
2016-01-22,0.016600619672753305,0.013742768747036838,0.037238690902671796,0.014358948500119779
2016-01-29,-0.03500750184395176,-0.03511144950303191,0.09774970648453776,-0.036321435204761846
2016-02-05,0.017057359478444927,0.016149082515775515,0.05275743659918778,0.01742762866286068
2016-02-12,0.022258461080369604,0.027017149308550037,0.04538891396847172,0.023098174749952245
2016-02-19,0.008759104164028298,0.006395869926382414,0.02933809165077162,0.008243759100453817
2016-02-26,0.022756410464413842,0.021680526275458023,0.04554280880848831,0.02331480752159185
2016-03-04,0.014551187389980708,0.01414630319990029,0.026990696454124788,0.013830861949606938
2016-03-11,0.017188750195385686,0.014654461512819017,0.006561952976744327,0.01607575299921568
2016-03-18,-0.0031792576410443873,-0.0022543543844324443,0.006168929796759555,-0.0024160647243450357
2016-03-24,0.01683503715049709,0.015814746611499064,0.0045018072435400805,0.017440581774998434
2016-04-01,-0.008140138426911463,-0.007639269808705107,0.01092318343665944,-0.008221676321384814
2016-04-08,0.010852569627644295,0.012326608282234197,0.004039779936863991,0.011208959168851087
2016-04-15,0.005034001108327015,0.002310119522806353,0.005483891972882331,0.003581730320946103
2016-04-22,-0.006489932435198134,-0.006434184782096564,0.05530598709107378,-0.006608413558955016
2016-04-29,-0.00538959451491969,-0.006524122310317071,0.07886133197735856,-0.005347976233929061
2016-05-06,-0.003210036788944529,-0.0029674707300496594,0.04360140401928447,-0.004140192254814401
2016-05-13,0.0022170064261027543,0.002683172391090727,0.03760375787414473,0.002045724427122825
2016-05-20,0.025136994072848223,0.024572992455718312,0.01740345578222985,0.02457735319736483
2016-05-27,-0.00027420516355048985,0.0006649249713386318,0.02678945800801717,-0.0001971492958341582
2016-06-03,-0.007263184723475158,-0.006359661649736448,0.008087877079051505,-0.006136650078433076
2016-06-10,0.0025958820832269096,0.0026075036502626325,0.005494208394197083,0.0031796020540160383
2016-06-17,-0.03355340169587578,-0.03462268248691036,0.006953456363127243,-0.0335230762217049
2016-06-24,0.038859794213673714,0.03650948475837157,0.009975031728872836,0.03891746712102048
2016-07-01,0.02148829233525497,0.02029193229659132,0.01090928420868391,0.021217403774637624
2016-07-08,0.013101215126992735,0.013040101690926953,0.008099224200453833,0.013288077490627725
2016-07-15,0.005638465337604241,0.004769330684633033,0.008129282086001213,0.00511962298982719
2016-07-22,0.0021037163352376335,0.0008751346547899441,0.06063559462668047,0.0008520770484472518
2016-07-29,0.005856454211636355,0.005571314300893304,0.07857415892942989,0.005570342534880804
2016-08-05,0.0018722405919825544,0.002243761078290607,0.050681494235405314,0.0016568227861210045
2016-08-12,-0.0026657146189293154,-0.002878253044452328,0.019227221488717743,-0.0027367600224604454
2016-08-19,-0.0024291033414972152,-0.0037569881735793897,0.018097766484999486,-0.0029087862330564973
2016-08-26,0.00689017359461724,0.00579454312591432,0.009742241778561658,0.006698365846248125
2016-09-02,-0.030372508743279864,-0.028852067572173512,0.008543533447101534,-0.030534347577022464
2016-09-09,0.013890482371341533,0.013285224563120535,0.007668663835301848,0.014284562511058151
2016-09-16,0.005483658784083016,0.004156176209963558,0.006436514151867575,0.005042497517579072
2016-09-23,0.0036533385830127643,0.0037208079311732423,0.008725461668165641,0.0028796571580292805
2016-09-30,0.0008814443080947954,0.0015752950530025789,0.012843317989419813,0.0008723757914062613
2016-10-07,-0.014489029041432622,-0.014202403979153955,0.006083978418930169,-0.013216925040188131
2016-10-14,0.005766825410267558,0.008963199341975203,0.010461922768461009,0.0060803662024655515
2016-10-21,-0.008371060074467956,-0.00962814059824435,0.052332700221464495,-0.008093586121504726
2016-10-28,-0.006185359272266244,-0.020569923633353304,0.09689612025763834,-0.0061618291955922696
2016-11-04,0.029798455967425357,0.04066185194046534,0.054928437661669285,0.029397882148964324
2016-11-11,0.009411898590813674,0.009860223550831604,0.02890101169039572,0.00956309097520022
2016-11-18,0.008858351037995961,0.009079787549853169,0.013355579760540318,0.008627106549178379
2016-11-25,-0.0014265186836975787,-0.0023057691089551913,0.011260927942402627,-0.0019320651683875211
2016-12-02,0.024948027150411743,0.02605911557293128,0.012949148876733341,0.02550224044083231
2016-12-09,0.0014171682788461414,0.0007846280730079425,0.004740751285607595,0.001274223985747478
2016-12-16,0.004372362802891369,0.003418496160854767,0.006949575141893611,0.004019998042815116
2016-12-23,-0.004770962335940486,-0.0043358560082794595,0.00896857184160603,-0.004681068985491695
2016-12-30,0.008105996359998443,0.008309616425024702,0.007749331052308962,0.008258528138841165
2017-01-06,-0.0023663714581564853,-0.0026442614646630114,0.006122989226734084,-0.00160078725229625
2017-01-13,-0.0005823255163744658,0.0019000896493495123,0.008071857390243766,-0.0006329636945973749
2017-01-20,0.007947364179066309,0.0063066904683994895,0.02107232147508146,0.009111791554048855
2017-01-27,0.0037344056225208193,0.0030678967770969567,0.07256516129996513,0.0036880335991665942
2017-02-03,0.012229574084673104,0.014025431003055644,0.05619641402195759,0.013547415283524438
2017-02-10,0.015307009757841411,0.01482247836377204,0.09319602019931827,0.015780360926424895
2017-02-17,0.005322847159706004,0.004755334015513091,0.023624430064640496,0.005350868943943547
2017-02-24,0.0031339276878572524,0.0036343100185527444,0.04928899019957299,0.003719904504738527
2017-03-03,0.0015122092491854364,0.0005053758853861279,0.03194021294681706,0.0014205392548071866
2017-03-10,0.002577778134380084,0.0018566654869913712,0.009062293003762765,0.002466703210001043
2017-03-17,-0.023202182142636512,-0.02151646877054858,0.006197328948110278,-0.02320251942242108
2017-03-24,0.0164456084772001,0.0166861451596918,0.011239726775914831,0.016889629883281885
2017-03-31,-0.003208280419871516,-0.0018659318267827407,0.006286668176453628,-0.0030332972299699475
2017-04-07,-0.010020059961641578,-0.009559830558355076,0.003650638030329957,-0.009898050291582014
2017-04-13,0.01759390374685381,0.01745958753759691,0.008837043031486006,0.018174460365829072
2017-04-21,0.008482550379218776,0.006324275643942334,0.03294963198852041,0.008328589711615198
2017-04-28,0.00554668398287779,0.004483316022941386,0.07493025751750791,0.0062870115494415785
2017-05-05,-0.001318495058755779,-0.0011680992907087129,0.0649534825296066,-0.0012853776871445861
2017-05-12,-0.00017675335474428614,-0.0023805904660075816,0.029482958883243218,-0.0008342870119403239
2017-05-19,0.012309684312003955,0.01021368392774713,0.016231213559082268,0.012325737155907492
2017-05-26,0.011567496048278097,0.010897620921442863,0.016961348605262157,0.01158460576505299
2017-06-02,-0.006150228494100072,-0.003443256579183096,0.010004196008206068,-0.006428094845281742
2017-06-09,0.008670942789308498,0.006778064638300885,0.008069109585857827,0.008156987274814169
2017-06-16,0.00029840413924811087,0.0012724189455315393,0.00691859909773041,0.0008518491977009016
2017-06-23,-0.0066423979056850525,-0.004181733324025827,0.00802033467371359,-0.006196177967301352
2017-06-30,-0.0023944935352039195,-0.003170395574076945,0.006548747177673914,-0.002286641335915646
2017-07-07,0.014598382991371114,0.013877917852306743,0.0025865051515948975,0.014826627179843592
2017-07-14,0.005748575933268039,0.005377287015850163,0.010318876106959696,0.005570561534760074
2017-07-21,0.0003207065821566165,0.0023503318538939943,0.03161778648326179,0.0011762796203040765
2017-07-28,0.0011681045639440188,0.00048505625615513637,0.08624401846199184,0.0022127761229740143
2017-08-04,-0.005833238987895633,-0.007676972689988681,0.07953622752327688,-0.00603879043963146
2017-08-11,-0.011984339623361918,-0.012011919975028373,0.021651265186143374,-0.011917374627604688
2017-08-18,0.009302293199278843,0.010426908079441466,0.010203119359176022,0.009692737788591527
2017-08-25,0.00868971974924564,0.008524666083359778,0.007419745963433385,0.008532860863039895
2017-09-01,0.002930985023304135,0.0031544182694547285,0.008411218706886051,0.0030632603134690046
2017-09-08,0.010152876398266475,0.011324012643813663,0.00980974405656684,0.010615652174615664
2017-09-15,-0.0017229507519480266,-0.001842870417920972,0.0029774509886118378,-0.0011705779786361163
2017-09-22,0.00984690875467671,0.009391932749852616,0.008916430054340098,0.010037410459769568
2017-09-29,0.01358947328493079,0.012485560805292506,0.007056778705006168,0.013532518230016135
2017-10-06,0.0033671205962821317,0.002277703895097405,0.006493885603258404,0.003342532561267964
2017-10-13,0.008654904666803761,0.008894618024765988,0.012577389607711683,0.009140455652889283
2017-10-20,0.002417414467270694,-0.0039225907265407756,0.03914486216888296,0.001202083997784551
2017-10-27,0.0068740223821466395,0.007135405969380226,0.09911752985212743,0.005918012658746577
2017-11-03,-0.00517866645056366,-0.0038327090158799537,0.06417219872281062,-0.004970967335899713
2017-11-10,0.0019723901734588533,0.0032256066467144517,0.033860643997097206,0.002846947596273001
2017-11-17,0.00936127105059714,0.00879389209604664,0.0178915609401991,0.009472466797216564
2017-11-24,0.021280392010509304,0.022656486114283503,0.013170064592457002,0.022811753359339583
2017-12-01,-0.00228646099628615,-1.91941331495471e-07,0.008303272777368942,-0.002337685579680335
2017-12-08,0.015598551804177912,0.011867360708696317,0.009764575788717056,0.014558402100986386
2017-12-15,-0.005058881135380563,-0.003916758657336428,0.006172869183329711,-0.0045098776013769385
2017-12-22,0.0031246535308687364,0.0029588479041158244,0.011814504975520602,0.0034324601279305017
2017-12-29,0.020333099211660863,0.02042223651380315,0.004081606622852666,0.02020327970634828
2018-01-05,0.02141555274608415,0.0220995886989106,0.008545316747302108,0.021935669922308085
2018-01-12,0.0043587718286115336,0.0029355843986689223,0.009788762823288437,0.0040099127893440285
2018-01-19,0.021079649038473532,0.020558861545582285,0.020710993976747936,0.021561866170805473
2018-01-26,-0.04563489896637678,-0.043647092960806155,0.03783144558042351,-0.04483673608379241
2018-02-02,-0.03380792312269388,-0.03518005011903924,0.08964569517557221,-0.03379825421628359
2018-02-09,0.030351697579208133,0.03108045068858023,0.06540330111575439,0.030771044296524483
2018-02-16,0.015591227275195515,0.014336775160557869,0.04060242250561294,0.01515912531570085
2018-02-23,-0.030172881362996437,-0.029717630583434684,0.04711146851327601,-0.030184476621154678
2018-03-02,0.043773759265339274,0.04284157951892276,0.04525948232390756,0.04447216645372623
2018-03-09,-0.018241490880574092,-0.017031791377514316,0.00620329164789264,-0.018200431331684586
2018-03-16,-0.041636196699670565,-0.04104591791946355,0.006838915084155416,-0.042365608811084254
2018-03-23,0.001035877660756507,0.001602037879916196,0.01741344992502406,0.0010793760736539637
2018-03-29,-0.0033941076066290785,-0.004494382047442125,0.008053728953616057,-0.003472674644683457
2018-04-06,0.01885508202767606,0.021540405552188835,0.011538979636876367,0.01900144522839188
2018-04-13,0.002680327004384858,0.0009739674497728501,0.012923188556294818,0.0026993316971659666
2018-04-20,-0.00037264252604924454,-3.181938190710554e-08,0.019394127064402095,-0.0015557335718496292
2018-04-27,-0.0017151373113281684,-0.0013843655987062498,0.05965010010210941,-0.00046692743735836834
2018-05-04,0.02370923113601639,0.02416704501574163,0.0667283176679221,0.024049241917612315
2018-05-11,-0.0020221910289550276,-0.0012073359588627985,0.039944155982882035,-0.002428963766315463
2018-05-18,-0.007912972834400936,-0.00988981817535306,0.0158795009055964,-0.00877329870993196
2018-05-25,0.016798784731633182,0.015611859987390897,0.020565555975699687,0.01660914581526467
2018-06-01,0.012383793798084373,0.014242566889759445,0.014767434697507633,0.012499230176358633
2018-06-08,-0.005870422881616384,-0.006152146593005892,0.007556613492107999,-0.006223524544281647
2018-06-15,-0.007714541138446964,-0.007441121070315471,0.006724282634098033,-0.007720841141458811
2018-06-22,-0.014654469847190313,-0.014372745563488998,0.006858213209154933,-0.014511883524021134
2018-06-29,0.028094249035134085,0.026121711566427397,0.008362021041444415,0.02723657162256869
2018-07-06,0.013946098294257525,0.011173363025633876,0.00986334516002153,0.012946606508932156
2018-07-13,-0.0010539751292579383,-0.0006790880836871072,0.005215038808879164,-0.0004713373782026043
2018-07-20,0.0061012417388576915,0.007371060863492485,0.034456095646786464,0.008913632997611174
2018-07-27,0.010488789555619608,0.007566466508167169,0.08713092765587196,0.009410395604443693
2018-08-03,0.0007384348898058431,-0.0005992938470423814,0.04126196212917707,4.220896759275958e-05
2018-08-10,0.009000205824620201,0.0074081839148518736,0.028247056381433502,0.007549328472205159
2018-08-17,0.010521931313679001,0.011521005186729383,0.009676206603627908,0.011107497828546788
2018-08-24,0.004985943781768989,0.003392485256961786,0.005711051949728051,0.002938242382838557
2018-08-31,-0.00518603619463127,-0.003795277977792999,0.009329804118320602,-0.005150259744711177
2018-09-07,0.0073667159170270275,0.007204365304824822,0.010589172067720087,0.0071240306824885595
2018-09-14,0.0030154111190695667,0.0063224408069897375,0.0045374054316591715,0.004536106565408531
2018-09-21,0.00478108159862103,0.002643135265470997,0.00711933896506693,0.0036486057563438084
2018-09-28,-0.018825217329620995,-0.017322166926674543,0.010523303249168139,-0.018097492710895533
2018-10-05,-0.03747586263186358,-0.04006310875510566,0.008739707782718351,-0.038366099276504084
2018-10-12,0.004663370063549231,0.005262385880811626,0.011699430682155086,0.004594190071591758
2018-10-19,-0.02910151699975159,-0.02960290282904099,0.03893133640473771,-0.02868971823902809
2018-10-26,0.009626330978412352,0.013541528258289581,0.08914679966469244,0.011899103695533533
2018-11-02,0.017347424102382755,0.017435108905096586,0.09539384788663556,0.016731062654826538
2018-11-09,-0.012882833418111196,-0.014935828308508037,0.038633832231133564,-0.014129658998456529
2018-11-16,-0.026039410342644145,-0.026624982774032357,0.01614752085570824,-0.02636693375952836
2018-11-23,0.05346280099357637,0.05455693077966406,0.014653643662344949,0.05527348489121847
2018-11-30,-0.0594192046230848,-0.06033312875293906,0.011783809480903094,-0.06071439977117585
2018-12-07,-0.015295593671726374,-0.01507353740214179,0.013463606459162319,-0.015310065671114745
2018-12-14,-0.07001739003845889,-0.07310756690682607,0.008205468908767999,-0.07085325193994882
2018-12-21,0.04369592554726179,0.04400931674915687,0.013890017590293782,0.04528785843459377
2018-12-28,0.009960797912356371,0.0125420317748266,0.012150295636486034,0.010254451454928266
2019-01-04,0.015105933289777383,0.01650244369448961,0.010601897409059244,0.014135899628451748
2019-01-11,0.03212651130268911,0.03099000124820228,0.005631781113016113,0.03190966763731839
2019-01-18,-0.005015408849062311,-0.005400201850915609,0.021271710678899953,-0.005347372224897771
2019-01-25,0.02553277246407758,0.02551351802055879,0.03721973273211418,0.02625257032311245
2019-02-01,0.004657322966572525,0.004035531364627198,0.08051303263994448,0.004838500499634459
2019-02-08,0.01792472853083924,0.01946894459599169,0.0404953711068581,0.018045426565919374
2019-02-15,0.014764819326719124,0.015371824712593574,0.03254082719855309,0.015583424132737682
2019-02-22,0.004271690982635296,0.0030988338043418384,0.04646653512380151,0.004705162134185864
2019-03-01,-0.021734580629045396,-0.022514181015166,0.04180195397967737,-0.022323474079870616
2019-03-08,0.029136950586769912,0.02735684292714624,0.008980528973241685,0.028576167208046194
2019-03-15,-0.008637889099708834,-0.009518837906635214,0.007930685154358593,-0.008632392550963486
2019-03-22,0.01982186283114758,0.02090565854724824,0.009838253134746264,0.02017187892015967
2019-03-29,0.012119870705011684,0.011942471953276135,0.008859056042027615,0.011551915967488186
2019-04-05,0.006126453449697481,0.0074281434150822445,0.02681649214759071,0.006771279871605271
2019-04-12,-0.0030255352284325058,-0.0036870592307854944,0.010462146913056511,-0.0027445129862180774
2019-04-18,0.014588751450692092,0.01500888945119172,0.014100529836073392,0.01567812206784533
2019-04-26,-0.014318483876739129,-0.014514028984785599,0.07738477140982439,-0.015442825766246615
2019-05-03,-0.02287335590638153,-0.023613016793335717,0.0999713076598569,-0.023930899863646306
2019-05-10,0.006963679149645579,0.00580733411400125,0.041169082081429886,0.005416693047810255
2019-05-17,-0.0020397562244496162,-0.00341493129722259,0.016116464795906754,-0.0029334434810686888
2019-05-24,-0.029016927436211613,-0.027482244329019356,0.013876488341060835,-0.02889392329785547
2019-05-31,0.04870495767421762,0.05106948176457449,0.011120612008896925,0.049463553283239196
2019-06-07,0.00190084827452695,0.0005181424754032715,0.012834317359141742,0.002024553654135145
2019-06-14,0.0211322750129767,0.021211591896690196,0.009584404902196607,0.021317465746098874
2019-06-21,0.0070849036181011285,0.008326619370676802,0.011028038064191632,0.007727612517351222
2019-06-28,0.001811840838674473,0.0011123953264624564,0.017346200202956123,0.0012220147487771256
2019-07-05,0.014441843062734074,0.01387140933822506,0.00695990590304165,0.014172350995676045
2019-07-12,-0.01052712745429996,-0.01168923877142003,0.004009373598648458,-0.010381654638286534
2019-07-19,0.01858928385606159,0.014347716724323556,0.029379456230455063,0.017092194807367157
2019-07-26,-0.045199701294234694,-0.04568062914423221,0.07960596151451096,-0.04579290293931284
2019-08-02,0.00716934097483945,0.006490935110957219,0.09044523970103016,0.006691101696716724
2019-08-09,0.008087030318479583,0.007690971442817718,0.03836919259408731,0.009019919083171351
2019-08-16,-0.01788687695149309,-0.016838836336896423,0.014187314682263804,-0.017184459500534693
2019-08-23,0.012726189607687967,0.011487955153684615,0.012301966323488737,0.012658830893163286
2019-08-30,0.028390703034140215,0.02949368182669221,0.015760548179855026,0.028950569759258964
2019-09-06,0.0015274015454011772,0.0023400383590013174,0.011144402234609387,0.0019418133589640158
2019-09-13,-0.003043989904260537,-0.003054801160691123,0.006951731065144028,-0.003253917579038442
2019-09-20,-0.003400949809810196,-0.005309930287201281,0.009758443548749433,-0.003187404056756052
2019-09-27,-0.008630565314840065,-0.008447081108426291,0.010687517471400669,-0.007774615837521361
2019-10-04,0.00808720100498753,0.008382531215478162,0.008725901091305725,0.00846683397473879
2019-10-11,0.013093919859006,0.011793635679285819,0.004713882007514112,0.012521892987694903
2019-10-18,0.01142432029288115,0.011756156328414535,0.04234697634027397,0.012364216282975609
2019-10-25,0.01479577357598093,0.016207473113183823,0.07206451546530034,0.015495603623121093
2019-11-01,-0.0014419302317549942,-0.001396787998720228,0.08305571100881376,-0.0008102665012416252
2019-11-08,0.012668976107453302,0.013369615073620666,0.03608700206420028,0.013102804359623422
2019-11-15,0.0014808374892467705,0.0014441762675845293,0.01300471435863137,0.0005185138350135982
2019-11-22,0.008168474484555627,0.008365876414697215,0.019766596453103323,0.008105924728302811
2019-11-29,-0.0002450156921236736,-0.0004764970075956665,0.009527732922099873,0.00026381383673891953
2019-12-06,0.014471160120123987,0.015201651399352478,0.006582991495417103,0.014459095128100598
2019-12-13,0.01311582623200747,0.012377327992683318,0.006341919035590258,0.012485694200551584
2019-12-20,0.004066533153391602,0.004228899309967504,0.005174818053470356,0.00409511748845677
2019-12-27,-0.007553169709444178,-0.007617265043674104,0.014958948213648491,-0.007402017395394215
2020-01-03,0.02122538645260098,0.01840938722771135,0.005938259412427024,0.01999203377462291
2020-01-10,0.01496893934912541,0.013817714475316212,0.004209086990937406,0.014767243726617465
2020-01-17,-0.024998553911209323,-0.023783693471283507,0.017397474694984413,-0.02422422793113225
2020-01-24,0.004347511510567344,0.000990481640500418,0.030510061275738964,0.002227847346422182
2020-01-31,0.025650089070305068,0.0243701323074339,0.09858130566854435,0.024604678484051297
2020-02-07,0.015565331956947618,0.015940617553406478,0.0607525560863942,0.015551650791265576
2020-02-14,-0.04135635256547919,-0.03973136433701585,0.02779149050855605,-0.04047429617161365
2020-02-21,-0.07363995006036576,-0.07714913235313348,0.04689680230562362,-0.07624005667931867
2020-02-28,-0.07379480020144351,-0.07682503970179722,0.034893626162262464,-0.0734676102685463
2020-03-06,-0.12267138849851779,-0.12393776281440971,0.019629992203127108,-0.12669378858327116
2020-03-13,-0.049779527442414935,-0.04829661768865845,0.0136618655006344,-0.05224042424598063
2020-03-20,0.11721067653818583,0.12055745473168211,0.020660579095602108,0.12010995077348254
2020-03-27,0.008527491888287077,0.008369173543829156,0.0201718462351691,0.00848837993411052
2020-04-03,0.07360200494312819,0.07485292371602692,0.014345855545618026,0.07451211247110562
2020-04-09,0.024474189763883714,0.019737246833682498,0.013183580510483222,0.021284903951491737
2020-04-17,0.00757120458091326,0.008881612261042005,0.013266979094718164,0.00832296007815984
2020-04-24,-0.014630470406893888,-0.015362129548122994,0.036716418329620304,-0.014504920359468147
2020-05-01,0.03433835283027493,0.03419550095965618,0.09410045755842089,0.03488261087565796
2020-05-08,0.009575940369973923,0.009333773134744483,0.08303390810229183,0.008826393667180427
2020-05-15,0.03217262641443957,0.03030170067565363,0.023146104016021938,0.032203893643452594
2020-05-22,0.0030847096407474617,0.005597537249165452,0.019071773781612865,0.004400849638754695
2020-05-29,0.044836568769235245,0.05467371930582621,0.014142335384710557,0.04786685125307486
2020-06-05,-0.061659382604270556,-0.06932723730774326,0.009024371017244449,-0.06463725498535541
2020-06-12,0.03880229841583025,0.03800184387372196,0.010697105430761944,0.038130742709994024
2020-06-19,-0.023018822977639318,-0.021364391697341834,0.009472690819481523,-0.022328426372012114
2020-06-26,0.052667764957000374,0.04963301459208114,0.013777150656729052,0.05116165493848229
2020-07-02,0.015962722958115377,0.011885023272818485,0.005181684344571124,0.01499012291315074
2020-07-10,0.0018892947180763943,0.004060807419693946,0.004857468527435552,0.003621943058631286
2020-07-17,-0.001560887461620871,0.0006225786347324735,0.012385659665045824,-0.002511873885166613
2020-07-24,0.021275102977654052,0.02080019289195878,0.03471639545610762,0.021876752236468112
2020-07-31,0.02109862913028484,0.020528726335217184,0.09870720229370844,0.019786863201081188
2020-08-07,0.009288870893859527,0.008595487067042828,0.10365492538484264,0.009018042573071205
2020-08-14,0.020184112963884688,0.012368826137654887,0.010886143614782667,0.015718263909049335
2020-08-21,0.024614184970746456,0.02405603727864869,0.01730180647187933,0.02426986137492744
2020-08-28,-0.046584716432580844,-0.038932668939737014,0.015097351688192703,-0.04249143284506592
2020-09-04,0.005618542447652384,0.0023165050859059733,0.020906878659657673,0.0055865470628485465
2020-09-11,-0.037565030836733175,-0.03107115337336619,0.01518007078032474,-0.03432244608990404
2020-09-18,0.029074154448433656,0.02308882444109095,0.01073676851327366,0.02493882824266834
2020-09-25,0.006203238016668288,0.00852296299651889,0.010597906980095266,0.007742222228092727
2020-10-02,0.04071055586813539,0.04026060783640828,0.0063357817976503784,0.04025149427306099
2020-10-09,-0.002206537377582952,-0.002688826137282052,0.009697529582726735,-0.0019641132907277296
2020-10-16,-0.016882568052649188,-0.018700558100688047,0.018280552313997007,-0.017365045621190272
2020-10-23,-0.03466223539786988,-0.03487008191384966,0.032433870969112,-0.03404550784768985
2020-10-30,0.09893138805620125,0.10227144067491256,0.16118850341651159,0.09867275284335
2020-11-06,-0.005639446535169763,-0.00821481015580261,0.1094066236934021,-0.006289871115987652
2020-11-13,-0.010991999918490489,-0.010249885392600966,0.02591987490155901,-0.010864702349162913
2020-11-20,0.014716664669671331,0.01553385151120068,0.02672565495423134,0.015385549045241037
2020-11-27,0.018654247697109334,0.017060205260308603,0.014084713710792127,0.016964174169714408
2020-12-04,-0.0029043918370666283,-0.0010294692755313806,0.008194238476117919,-0.0025653552247812622
2020-12-11,-0.007418253293268368,-0.005735599385008339,0.006107309419573021,-0.005862699908674861
2020-12-18,0.02077379887629819,0.018549798492043967,0.010649667035173907,0.018775713283033842
2020-12-24,0.009196693689825978,0.009603402116116655,0.006949447990297406,0.009251796145599064
2020-12-31,0.004531404437022549,0.006767620217543291,0.0030602987662900075,0.003197094279272412
2021-01-08,0.0010804469429066786,0.0012969856731535057,0.009685195919323193,0.00025903094630349584
2021-01-15,0.01769832611020305,0.01408773755565651,0.01618873488232123,0.01810651416752742
2021-01-22,-0.028164354034537643,-0.02593369196229378,0.02788029350477458,-0.026187443605027824
2021-01-29,0.04639272520628759,0.04160869941302958,0.10023774648069063,0.043707098849161984
2021-02-05,0.011138890001907157,0.01204804751559263,0.07771159503843075,0.011371822506997191
2021-02-12,-0.015760232426308765,-0.01751437856784477,0.031408393614076324,-0.01724345202672705
2021-02-19,-0.0006867912252541265,-0.0037978561271561073,0.019269722179033624,-0.0018348141497626898
2021-02-26,0.002119284160165822,-0.002411773030970288,0.0333603754728815,0.001002721725548211
2021-03-05,0.01950128354053844,0.02513907154404227,0.010973827345022561,0.020261172112677264
2021-03-12,-0.007229099638767223,-0.007665086461021264,0.008031361218410008,-0.007715627697417599
2021-03-19,0.014954362629368978,0.011204240111734709,0.00736675090854042,0.01585150633841619
2021-03-26,0.022805443745007387,0.022971608312278846,0.009530676871290984,0.02189912644045307
2021-04-01,0.02122393293481438,0.018316474742224642,0.005290217388303973,0.020962588603634435
2021-04-09,0.0125376613961316,0.013167786721234531,0.006530403910830079,0.013087168276397556
2021-04-16,0.0028204175534313042,0.0028349069744861843,0.0069607851956187215,0.003115962664458825
2021-04-23,0.006926079456302623,0.004767159393117337,0.021599647912954954,0.0059681886814864004
2021-04-30,0.0043556239701638645,0.007319508752522852,0.10600704542579295,0.007274889723666329
2021-05-07,-0.014905142092610797,-0.01682863044217775,0.059474080356672836,-0.014914929896970101
2021-05-14,0.0039608373578129755,0.0046943363282876405,0.025960708756167537,0.004624734476883902
2021-05-21,0.011287988351207395,0.012531755650671217,0.017072807155703144,0.011746456118074738
2021-05-28,0.0004600374414771807,4.7544351039041644e-05,0.018337731018991554,0.0008732024240477267
2021-06-04,0.004661448332747296,0.004353918701579085,0.008852137485717672,0.0037119772700947586
2021-06-11,-0.013142163001173572,-0.014764195170358652,0.007819369477714817,-0.014610284229863917
2021-06-18,0.022532185368363183,0.024880197822630734,0.006151343095355242,0.0234456649190704
2021-06-25,0.01725762811907103,0.01547394466920271,0.02063872556037289,0.01643906608443597
2021-07-02,0.006468219086791285,0.0038034703475327003,0.012744310479241554,0.004782222241870939
2021-07-09,-0.019270246990250775,-0.021220273584378058,0.004667516661636556,-0.019000405423668557
2021-07-16,0.03226377832155045,0.030784380675667355,0.010267991744359706,0.03143301394168006
2021-07-23,-0.00017653183050662198,0.0023447086888601643,0.023690365348128302,0.0017314584270477326
2021-07-30,0.005330710757336203,0.004814316086070303,0.1296037466218167,0.005198985518080014
2021-08-06,0.005616361802199035,0.0046786668261311615,0.054317884978700326,0.005136005922533736
2021-08-13,0.0022232447474376297,0.0014169598890321211,0.015237590791310644,0.0019159213918283847
2021-08-20,0.014100317477462562,0.013051546641899003,0.02086386252936629,0.013323067142081275
2021-08-27,0.002029076576328676,0.003858268955039046,0.014794544001325788,0.0037315055388273577
2021-09-03,-0.009370908458222473,-0.008990199910752117,0.009997511293494878,-0.009119184874574552
2021-09-10,-0.026964648558273907,-0.027564917217419938,0.007331909720918243,-0.027891599641119594
2021-09-17,0.01835529048971141,0.018234677375257302,0.011617783614849645,0.017386641129880608
2021-09-24,-0.02164281197282419,-0.02215390357214564,0.01258916595486603,-0.021692859679415137
2021-10-01,0.011730135690689526,0.009607401255800951,0.006089607716539503,0.010996677148152752
2021-10-08,0.015460822702871583,0.0155777496007512,0.0059012062812619165,0.014636048663653851
2021-10-15,0.021139028385537703,0.023222450306124243,0.014103129699633097,0.020826768512857013
2021-10-22,0.019141844254371636,0.013251418337529408,0.03433028507482921,0.01577190367067616
2021-10-29,0.021319484047344354,0.020421724113991235,0.06377110100684014,0.020337160341149754
2021-11-05,-0.0036827484233745815,-0.0022567553610666202,0.06455152398076115,-0.002780770254609256
2021-11-12,0.006063505359960355,0.004800904405959594,0.014377017623668758,0.005816122512180918
2021-11-19,-0.016891633706618895,-0.014482912880559584,0.018065993261794505,-0.016645003353915878
2021-11-26,-0.016978621299211162,-0.017109648817194456,0.014491617286559795,-0.014919142841548058
2021-12-03,0.028674364320710407,0.030824661441146928,0.010418253749832735,0.030955192729220118
2021-12-10,-0.029045371347501084,-0.030016170829037625,0.009458994166930851,-0.03049474628272215
2021-12-17,0.038606149014765424,0.03868124327977163,0.008964348136087536,0.03777100063730457
2021-12-23,0.008023969339801254,0.008982198685130616,0.009475539326151172,0.007922253953250741
2021-12-31,-0.029883689902761867,-0.02855341180025306,0.005034141761319222,-0.028758919686330032
2022-01-07,-0.008144695899662848,-0.00639737290412512,0.009265481058008684,-0.007536093456689056
2022-01-14,-0.06119966289283443,-0.06027293118616317,0.014463754949976522,-0.060790925151966824
2022-01-21,0.02766502354954297,0.021317883257482295,0.04907986322067552,0.026559646986745275
2022-01-28,0.018887347855597224,0.018742555707930153,0.08317857881447124,0.01880823872898558
2022-02-04,-0.02425254124715296,-0.02133438270994803,0.07504932696232644,-0.02343153119895139
2022-02-11,-0.018887295206465156,-0.01825328158289974,0.04740794796996867,-0.019004014192404956
2022-02-18,0.00045071083374106723,0.0003240516349520828,0.03752236143920565,0.0012728734095256542
2022-02-25,-0.0021638818579280484,-0.0011109999366920587,0.028447856388635902,-0.0019570154772506885
2022-03-04,-0.026544567200975467,-0.02470159234499003,0.01579415980212434,-0.02352691837982141
2022-03-11,0.05920594837962331,0.05899501904962512,0.009662065963260144,0.0591345239607377
2022-03-18,0.020001678143943998,0.017373967544893176,0.011985788981901838,0.01758550121092594
2022-03-25,0.0033920903408950994,0.0023669524820235655,0.00797274290576079,0.0020009186886366876
2022-04-01,-0.0221744829803608,-0.01990591307725853,0.007023875729599583,-0.020167762190682913
2022-04-08,-0.019481447095869197,-0.01643747016030772,0.017415471515562952,-0.01842986438736017
2022-04-14,-0.02898819676915715,-0.03008168007482981,0.00704841674394721,-0.030981322021866715
2022-04-22,-0.02660388278731222,-0.02737978123408491,0.032667477576748614,-0.02783930475460796
2022-04-29,-0.015594303509929214,-0.016914511291381995,0.12417245139385634,-0.016528544931269762
2022-05-06,-0.011581178602880961,-0.012638906531655558,0.08377394720343226,-0.011606162658369695
2022-05-13,-0.022576507958155405,-0.017875969383860935,0.022637302672511794,-0.02149003901000602
2022-05-20,0.05070534812428854,0.05274536448374212,0.034194180523189954,0.0501541572704293
2022-05-27,0.0046828517034923755,0.0029744230212229716,0.032833977037383666,0.0034500357126934647
2022-06-03,-0.08646594758529204,-0.08421342981837199,0.029912642151065306,-0.0846056639949452
2022-06-10,-0.011377975826316989,-0.016726492537038617,0.009803249947120965,-0.013406430466664216
2022-06-17,0.053665385692476884,0.05152047101246704,0.010342553029552367,0.052242577308324996
2022-06-24,-0.04063411298976708,-0.03879260936867801,0.006842027220126868,-0.03800608013817095
2022-07-01,0.030045574480027648,0.026524306393847397,0.007486717018130428,0.02768745854210186
2022-07-08,0.0022396053137761886,0.006557082962260541,0.02650115735840089,0.003988213528349914
2022-07-15,0.014615371396456564,0.01897603810552173,0.03245707389723432,0.014267534785215518
2022-07-22,0.0377817454389924,0.03385962341389859,0.047128360628769135,0.03438190419724209
2022-07-29,0.015177408920507205,0.014909244788922305,0.1019448948068271,0.015660106461557657
2022-08-05,0.024165700317421178,0.02292580004601663,0.08215380591049523,0.023277910265711858
2022-08-12,-0.019107775958772392,-0.018174574090799034,0.014192894680061473,-0.018688512313148133
2022-08-19,-0.03670964398644641,-0.035606979945315254,0.012582270403130343,-0.03756887595151202
2022-08-26,-0.022339504635813925,-0.02255117485712055,0.010680448247834366,-0.021655756720554614
2022-09-02,0.04011691728668132,0.03980877709096253,0.008685865992647746,0.03906151400443149
2022-09-09,-0.0607035929696291,-0.06103459769080488,0.007015742483538407,-0.061275690168936706
2022-09-16,-0.041968752385341965,-0.0414639602343434,0.004090031594796757,-0.040662404849499546
2022-09-23,-0.013653063821549993,-0.014546563934736967,0.006548212790470755,-0.015382870243425684
2022-09-30,0.0052205935811855154,0.00797594041806926,0.007651452943289662,0.007165405575328392
2022-10-07,0.0023229766306597146,0.00013747103464889499,0.016782214203651794,0.0016046300008301733
2022-10-14,0.03287267046332698,0.03263645278301586,0.021895598070199855,0.03305519462934731
2022-10-21,0.025525672517506127,0.02806675839800632,0.032722912145057195,0.024433377562720356
2022-10-28,-0.026311196001529032,-0.022590777782022786,0.10210178362689074,-0.02570761953759204
2022-11-04,0.053813927078313284,0.05017063845325165,0.05093894802401954,0.0513720586746585
2022-11-11,-0.0032195776512888904,-0.005092479189114929,0.022743805149591435,-0.002422265876777605
2022-11-18,0.011089881497977742,0.011276155805621135,0.013372386978024037,0.009924580644993537
2022-11-25,0.013005200407553,0.012177414510358364,0.015330944227520163,0.012136606455384827
2022-12-02,-0.025331713472082323,-0.024359121093688985,0.013631001245922272,-0.024561690825563795
2022-12-09,-0.019851966587179328,-0.022529821970107777,0.00785614320236413,-0.021504695245961766
2022-12-16,0.0007526636683922158,-0.0017731380665378937,0.006987268272143951,0.0005129274377550017
2022-12-23,0.004815435691352,0.00412774503997948,0.0064520971788908,0.0037850463363325406
2022-12-30,0.010726214050064804,0.015609801670866341,0.007181597904699568,0.01410037439538552
2023-01-06,0.02244343097237922,0.020775415384797435,0.007029468588630388,0.020992496976864262
2023-01-13,-0.002151842834815009,-0.004416945858866761,0.010927991583293193,-0.004117629759573402
2023-01-20,0.011733946003389263,0.015325592165258639,0.019338313269968,0.012060681878542432
2023-01-27,0.018260841863506024,0.017353783547530144,0.05943174820498338,0.01762013017804454
2023-02-03,-0.007032232349291464,-0.002611334366612761,0.10633062069278651,-0.006041186736536359
2023-02-10,-0.013773465064328638,-0.01384810467430897,0.032423653057998617,-0.01388797473966001
2023-02-17,-0.009879759248581093,-0.007914554051127287,0.025388001381442572,-0.009371208464201558
2023-02-24,0.014833717333429463,0.012954205778466843,0.030981184734530105,0.014122353133429423
2023-03-03,-0.05323049129046561,-0.05737551045391154,0.018411167302455032,-0.05388255780300594
2023-03-10,0.0328479709673626,0.027451955952801477,0.008283407022863358,0.030992718457558337
2023-03-17,0.018769694232402833,0.01873089086679891,0.008143813020557689,0.018480384670103808
2023-03-24,0.023335431863764678,0.026951752944245566,0.004566268967124826,0.024200202914321015
2023-03-31,-0.0020756207079118977,-0.005478842187646493,0.005496247845776786,-0.0025181288502437852
2023-04-06,0.012547114716432042,0.01416604633643992,0.003507377701784834,0.012804863223060587
2023-04-14,0.0009561817712022125,-0.0009216112935143128,0.011236983846839452,0.0011426527858510466
2023-04-21,0.011391735650610317,0.008446910986763756,0.028632348122234634,0.010105023117600911
2023-04-28,-0.005645825127918153,-0.006017332343000725,0.05170596802074702,-0.006667141535405847
2023-05-05,0.0003976672399853278,-0.001816156270850522,0.10290056287868732,0.003177083720288172
2023-05-12,0.01510202561270917,0.015574230020886759,0.027980048341482613,0.016116902606126332
2023-05-19,0.004118019852741839,0.008097746676270168,0.01361673579610733,0.007687140041569094
2023-05-26,0.012764346292659802,0.014809383328859393,0.020489966790548684,0.012526179650894243
2023-06-02,0.003831754035689188,0.006164106097062083,0.0336113937033345,0.00329766357594278
2023-06-09,0.019303953968060908,0.018924542814525047,0.027352954637148347,0.01778900310640991
2023-06-16,-0.011110717017155186,-0.011041237559742512,0.00526300514666312,-0.009223913356600406
2023-06-23,0.02065597779934745,0.023808300511286795,0.027897059759772972,0.020248970386550876
2023-06-30,-0.010709563069543074,-0.010701632412859041,0.009216031291707208,-0.011290031993644069
2023-07-07,0.026722482508774684,0.024989759163433156,0.003702220110695877,0.02656668324482524
2023-07-14,0.010821902557033459,0.009440493667391303,0.008195647687916115,0.009976995394281582
2023-07-21,0.01034247241329986,0.008911020774670098,0.027873945727059014,0.012002887190785317
2023-07-28,-0.019957646096230627,-0.01902030551903977,0.10397495911079913,-0.019524439794192813
2023-08-04,-0.009072403567015622,-0.008936659212919418,0.09487682633565275,-0.0072299956967458705
2023-08-11,-0.01489958113248971,-0.016078248324092326,0.045744140304965944,-0.015520312928376889
2023-08-18,0.01061739339508453,0.010718871300972932,0.009466422062341077,0.010892269719529337
2023-08-25,0.019676715534113726,0.01919773189911611,0.008089032906174767,0.019327391689370168
2023-09-01,-0.006089842067062026,-0.005524363765565865,0.00919351220601576,-0.00667610907822339
2023-09-08,-0.0077291084975133996,-0.008092276075530758,0.004881992703487421,-0.008354345237856959
2023-09-15,-0.031356724728422644,-0.031328081318973466,0.005324093182532869,-0.03037837188160514
2023-09-22,-0.004595353542884268,-0.005941821607230446,0.00797393352983829,-0.005933520188507877
2023-09-29,0.004657099062709008,0.002250230028261635,0.007905845761443257,0.004559732072360854
2023-10-06,0.015440810308015272,0.014593755990359059,0.00567611883954739,0.014618275190879453
2023-10-13,-0.03149720216976327,-0.032755622408423335,0.00893470097412472,-0.029761612813180276
2023-10-20,-0.01857951374364387,-0.014418026918461169,0.020661527925616412,-0.017573335794192457
2023-10-27,0.05396827096320329,0.05297903124136716,0.08864536604203292,0.05290189060851042
2023-11-03,0.011659636905841524,0.008634453601986225,0.04644323225392619,0.011062448646772118
2023-11-10,0.022722359317484793,0.025726830265411893,0.024800284189250794,0.023428964947332747
2023-11-17,0.009899579544945861,0.009144677604053797,0.012655856489081189,0.010062469258433123
2023-11-24,0.0016516076461176312,0.002089678006106155,0.026654929860632715,0.00039283494220106814
2023-12-01,0.008233337389633747,0.008977045557388097,0.011273607035945259,0.009502501404524714
2023-12-08,0.02712447819448888,0.0287140347265864,0.005342450640926246,0.02695256224970889
2023-12-15,0.008164379072068548,0.006560587616327274,0.007001097276970502,0.008925324540887552
2023-12-22,-0.0038664047435929163,-0.004028819800341976,0.009849136457334855,-0.004395211734860967
2023-12-29,-0.007723041948683214,-0.007899835305408054,0.0040591526517960615,-0.00669262187777374
2024-01-05,0.016907263715556037,0.014580700232863286,0.005137480848806015,0.01655148110119753
2024-01-12,0.019356881398181817,0.01841102341964973,0.012292744772355688,0.020436568441257942
2024-01-19,0.009985981607270732,0.007685718695690902,0.011857438944369005,0.01026460529009723
2024-01-26,0.008732296249844403,0.0122402570032627,0.06752207235613164,0.009559185288721678
2024-02-02,0.013946680980231989,0.015130796838735305,0.08193601044090076,0.01575601331603956
2024-02-09,-0.007402559129235625,-0.0068839678364838175,0.04500282731998673,-0.009861279357811035
2024-02-16,0.022318755626887687,0.021256964127631672,0.029580838783612395,0.021955137706669278
2024-02-23,0.008205347062850489,0.007338141809539067,0.05509609218587921,0.004620990802084265
2024-03-01,-0.0008657397198040279,-0.003027085580739275,0.023154009031498033,-0.0023040168876106272
2024-03-08,0.011892480843244959,0.01002392099321292,0.01231986637655329,0.013530679973684099
2024-03-15,0.014945350874100273,0.011283948558618695,0.011322194555080203,0.01291836459280816
2024-03-22,0.0054841340705514205,0.007752977317607046,0.009075367455066007,0.006458708215936484
2024-03-28,-0.006087058898845073,-0.008934049637734032,0.005992999839696636,-0.007189753267823126
2024-04-05,-0.00799373333257467,-0.007743547815208807,0.00453050505659801,-0.005646840592919464
2024-04-12,-0.033920202464130175,-0.03358373575931006,0.005389478582491443,-0.031365244859728234
2024-04-19,0.022971268372648262,0.024626846561281335,0.014926068890259693,0.024484299402293252
2024-04-26,0.006008933667447698,0.0071751425391168855,0.08959403886249093,0.007300475410418921
2024-05-03,0.014872195813033116,0.017148447660041866,0.10023626844940395,0.015502117600002767
2024-05-10,0.015501333001065461,0.013414858777995198,0.06646823551971767,0.015439014181399044
2024-05-17,0.005378904674150647,0.0013217943351619965,0.011811146085727312,0.0017281318800046396
2024-05-24,-0.0023531526712567037,-0.0023573450303220334,0.007700943130144513,-0.0026535126112875334
2024-05-31,0.01040592896987845,0.00786369592540126,0.01701159516510449,0.008142562277809268
2024-06-07,0.01869266003079347,0.016692395302920993,0.00655467082614857,0.016664972451030588
2024-06-14,0.006811759129110709,0.007389909534833983,0.0072222160602056565,0.00764572566575465
2024-06-21,0.00187993351829491,0.002388375888348282,0.006826658359371324,0.0029634025673644436
2024-06-28,0.018459841941827166,0.01797913117037475,0.009743649020449819,0.019880492137207193
2024-07-05,0.007864834772132592,0.011864503391674441,0.0029888479274427266,0.010027402579983887
2024-07-12,-0.019499045072575945,-0.01606676175857813,0.004658563900184549,-0.016691565330453413
2024-07-19,-0.017033039342984054,-0.012622069374232825,0.011869142677159692,-0.01471513733158498
2024-07-26,-0.07248135517831018,-0.06296464078310182,0.05917440107346553,-0.06552018638888418
2024-08-02,0.051451444267310034,0.04411319804193359,0.12675615447206015,0.04825463916520509
2024-08-09,0.04096371190740494,0.038411582265447386,0.08229219298553346,0.03644679491424895
2024-08-16,0.01754210541686881,0.015232644166194742,0.0098502453343473,0.015227739427603996
2024-08-23,-0.002876259501934095,-0.004811828336929835,0.04455612745960649,-0.004852533597855411
2024-08-30,-0.028170640988184392,-0.02822634206377106,0.016151594032113595,-0.029789650290740186
2024-09-06,0.027711365814872935,0.03137795979255498,0.00957465449271828,0.031180185901130746
2024-09-13,0.020246227567115777,0.01663807489160818,0.0067969985153595175,0.017963432421659487
2024-09-20,0.0022531212060762744,0.0018970259923842825,0.007847271738291384,0.0012832394544365563
2024-09-27,0.000931058062236454,0.0015425508462538762,0.00917572092113298,0.0015566168675723168
2024-10-04,0.014428678543560702,0.017363805289282608,0.005181193512366393,0.01586139800278597
2024-10-11,0.0046148747782302135,0.0045251876234775334,0.01061961269312153,0.0042272791172581585
2024-10-18,-0.0030619773620085004,-0.0021751228010840062,0.02205388630046158,-0.0009689907536312805
2024-10-25,-0.02094398424513148,-0.019568347883307968,0.05330372221827164,-0.01919366082737008
2024-11-01,0.051928943457502034,0.05012443625368679,0.10920577329508538,0.050119344165980365
2024-11-08,-0.021467408373855044,-0.02265713008389003,0.05357001126142202,-0.022618973458020927
2024-11-15,0.018387372347690095,0.022687765426990802,0.013405017452049502,0.01970043063335683
2024-11-22,0.007990031113326256,0.005754456109382522,0.011354911961417916,0.00729437609001649
2024-11-29,0.008430241372367076,0.007827976148427451,0.04937546446133666,0.007996355071826503
2024-12-06,0.0037007734577135997,-0.0027811515279280163,0.006990446400590119,0.001323152663582004
2024-12-13,-0.019467626120223108,-0.021652134984886162,0.010561480909733596,-0.02013975717563651
2024-12-20,-0.0064514345548751205,-0.0050770246691113075,0.006588445816484521,-0.00597192303506007
2024-12-27,0.01667225831278817,0.014254470231246374,0.009008208043847332,0.013883964101855956
2025-01-03,-0.036183042231545934,-0.034380592778839314,0.006844906816829553,-0.03349208427496093
2025-01-10,0.046288676286719246,0.04324642007750512,0.008939837253780308,0.043423454729936084
2025-01-17,-0.012513964100451976,-0.009755714749960842,0.014897954415302683,-0.010209737384684853
2025-01-24,-0.0015742917490633923,-0.003598026554259448,0.03331579804694483,-0.001672665090255101
2025-01-31,0.01411739114194404,0.01916778107419792,0.07193157154865273,0.01537050689220406
2025-02-07,0.014152048994992412,0.011340462002402019,0.08445460525450554,0.010268987027064304
2025-02-14,-0.01537827445640641,-0.014503722837142519,0.023469880752325402,-0.01477309503420442
2025-02-21,-0.012397354026879423,-0.009700575544323131,0.01676255200526187,-0.010783740990722553
2025-02-28,-0.04751006787521351,-0.04795540681191568,0.02335795472882741,-0.046232052426403006
2025-03-07,-0.009330857961383207,-0.008456788241718916,0.02080967348581792,-0.010170194948458024
2025-03-14,0.015901602434391635,0.01728374328654847,0.009710959561171746,0.01673086368994209
2025-03-21,-0.03864633872416598,-0.03673787551903773,0.006541939198287577,-0.0387583323067247
2025-03-28,-0.11331810887092975,-0.11028871795800299,0.010770001227821208,-0.10900017459073058
2025-04-04,0.11814142580113234,0.1121444991895264,0.007531342031317953,0.11355576189161097
2025-04-11,-0.04460467998721588,-0.04207337243717746,0.014870163962150497,-0.04251984032842424
2025-04-17,0.056956270580672555,0.05800540842478874,0.018181086724216637,0.056676411414003626
2025-04-25,0.017545442535486632,0.02027606744113819,0.032458489565259235,0.020133478991808073
2025-05-02,0.030068422798658012,0.03359571490859259,0.0904998068208295,0.02937399789576612
2025-05-09,0.01633472552201593,0.011402100247593028,0.05626548904165053,0.012400432730337712
2025-05-16,0.0002520070720307781,-0.00345175317254387,0.023503139908583867,-0.002503230429815211
2025-05-23,0.003437426789617903,0.002883623093448362,0.01377768328742843,0.0031758530468270533
2025-05-30,0.024509735480883987,0.020348408055868017,0.010277691376970006,0.021313960822177364
2025-06-06,-0.001615207483287635,0.0011339523674538388,0.012979999759700359,-0.002569665262701154
2025-06-13,-0.009126775928270476,-0.005997644596939744,0.011947659602269272,-0.008668436913603021
2025-06-20,0.04596119346021368,0.03754379336637492,0.004520000077332935,0.041610423668820444
2025-06-27,0.008233118914068598,0.009686134027905302,0.009564773192386349,0.01084099853685959
2025-07-03,0.0003084841310595643,-0.0003208305108026721,0.004855686121028983,-0.0018694543828494282
2025-07-11,0.011363833109173592,0.009002376434409598,0.007137718623423275,0.009342126206218718
2025-07-18,0.01547359680520351,0.013852465208372022,0.016547438662291865,0.0154528534679318
2025-07-25,-0.014022039871492835,-0.018526127059588227,0.03766899672625129,-0.018388355032370973
2025-08-01,0.017668349597712903,0.01884391487772974,0.05041482806293969,0.019784782999474504
2025-08-08,0.00688582586354092,0.008471092104202604,0.08307990130187007,0.009089368162871484
2025-08-15,0.0005917516357014374,0.0018356956330782825,0.010948469779368376,0.0024603882314488492
2025-08-22,-0.011144739842212906,-0.010154834950819147,0.006412138538224982,-0.010097900556637323
2025-08-29,0.02510516146195263,0.017443182653487987,0.05330140612977168,0.02316176270501709
2025-09-05,0.01991484046249213,0.016989931764468835,0.011874442025762162,0.01852026740845205
2025-09-12,0.010451898352585313,0.00666406459716562,0.008722911473054427,0.008349492443750946
2025-09-19,0.001483659603926563,0.0032619431952256583,0.00565544402629269,0.0013759997157673923
2025-09-26,0.0066193816330500895,0.010927708625756871,0.008485984093744405,0.009161003090522582
2025-10-03,-0.016420910113463433,-0.01633356849682377,0.005821501735786791,-0.015714817854096296
2025-10-10,0.014599140239789562,0.010096134640791954,0.00704161380951858,0.013032168210258951
2025-10-17,0.02303503871976328,0.023092305563392257,0.0177614693611649,0.023433986803084363
2025-10-24,-0.00015965818007999423,0.004306221685111522,0.043726523292039424,0.007138101744671795
2025-10-31,-0.009185325564008534,-0.012294557480372892,0.1003147364525937,-0.010720591609138047
2025-11-07,-0.009610092482064077,-0.011133372030059818,0.045071835207274334,-0.00943580763314414
2025-11-14,2.4424633215126718e-05,-0.010467377170634284,0.015348472689882011,-0.004734283822355951
2025-11-21,0.023391819663599402,0.024325097486126213,0.05888348206049983,0.024672649155396728
2025-11-28,0.010835602846106797,0.011461329438510637,0.00840011715125804,0.01010995622426518
2025-12-05,-0.0031308728978090036,-0.0012380681168392416,0.007191401938814726,-0.002197372075621616
2025-12-12,0.0009514199044343272,0.00032218214546198,0.005898507516925404,7.975363813186425e-05
2025-12-19,0.0050481710313707495,0.005263626257925091,0.007744124768400699,0.005064821239500391
2025-12-26,-0.00016399342386338626,-0.0014544169174998123,0.009095619890592155,-0.0007936255379633418
2026-01-02,0.00650114998289078,0.006030234596732242,0.0065958082546315215,0.007093414059543852
2026-01-09,-0.014049898001594799,-0.013305844861402405,0.006944827341148488,-0.013951783270463638
2026-01-16,0.01388607755287236,0.013206513383997365,0.012696076074682018,0.013124626228881595
2026-01-23,0.0031009712304201566,-0.0013179277880051021,0.02140095738888286,-2.0390074690605015e-05
2026-01-30,-0.0015434127261498309,-0.00023210882842772396,0.05036214066998061,-0.001066126028855842
2026-02-06,-0.01318794993500788,-0.013460497284359163,0.1368855780772785,-0.016479543745540722
2026-02-13,0.01316093386844965,0.011306462149955898,0.02954665545518752,0.014149572882935162
2026-02-20,-0.01860177535037194,-0.01327366692627685,0.023978281915894947,-0.01591905990156776
2026-02-27,-0.022025717762900677,-0.018137594266469104,0.07433896664179544,-0.018911052203617197
2026-03-06,0.0034243081982464145,0.0029862905910444937,0.00887376184103548,0.0036858783228105965
2026-03-13,-0.011981270900552657,-0.012736550379588651,0.006710842882840511,-0.013175872164844818
2026-03-20,-0.029173161412342503,-0.027291889464738928,0.0079742618670397,-0.031151935836156563
2026-03-27,0.02575787248434082,0.024605180434695395,0.01412580612930654,0.02786524530531534
2026-04-02,0.030878500046767673,0.0328575745402202,0.015155388953484592,0.03468324121637219
2026-04-10,0.043706580451770415,0.0463087248020182,0.005860716160929347,0.04728441869130076
2026-04-17,-0.00044203455664631807,0.0061937317771321165,0.008367966499364943,0.003909960889338668
2026-04-24,0.01689518672109289,0.009675106486852325,0.0376151116223226,0.015772754633396308
2026-05-01,0.01644764731299066,0.022747807530116182,0.11512020816804039,0.02103619442949223
2026-05-08,0.00269183465476443,0.004589618882054003,0.07024196300407703,0.005205764430445933
2026-05-15,0.014046933408302143,0.013759908425097223,0.019291661959132633,0.011035187959804035
2026-05-22,0.0018359876911646933,0.007133247108455754,0.014851282192462817,0.005024113217964147
2026-05-29,-0.014108973530830458,-0.015886500998999797,0.03777285406372533,-0.01603308361565603
2026-06-05,0.008386697194826187,0.01142110877939917,0.014110089308349252,0.010661164722680552
2026-06-12,-0.007563312591863177,-0.0029576343831290153,0.008622364382327455,-0.006467310276285389
2026-06-18,-0.01380300577980041,-0.014939170701798732,0.012621034454552527,-0.013714969512221545
2026-06-26,0.020882211272795017,0.016577699688431924,0.02336084137084993,0.020026822639084865
2026-07-02,0.006464058906096247,0.004981706592404933,0.022534778836999066,0.005560555184922903
2026-07-10,-0.002665987420559133,-0.007189647002227018,0.008581027371881447,-0.0047640180491876965
2026-07-17,-0.008539362072014356,-0.002877960447443928,0.014790710972473937,-0.008557360251630381
2026-07-24,0.01365657756463524,0.006081314618582967,0.03307189057531955,0.017753390764642416
2026-07-31,0.029853717842805494,0.030902986666477616,0.1219830942714643,0.024943402346010807
2026-08-07,-0.0021721261818813714,0.004633757486064649,0.03633659804721251,-0.0021096230769697116
2026-08-14,-0.013717755658890182,-0.014687297196827487,0.02002465792447483,-0.011196745925038568
2026-08-21,0.0034788031215463827,0.0033342995743901316,0.03570495235468174,0.0031117838655119103
2026-08-28,-0.003041145719733673,0.0022675716366662435,0.14499113240164146,-0.002759445952886705
2026-09-04,-0.008299706760250977,-0.013093759422704299,0.00526687458903148,-0.008299706760250977
2026-09-11,0.008089343583719119,0.012058999895510736,0.015254525704973296,0.008089343583719119
