date,portfolio,ew_members,spy,turnover
2014-01-03,,,,0.0
2014-01-10,,,,0.0
2014-01-17,,,,0.0
2014-01-24,,,,0.0
2014-01-31,,,,0.0
2014-02-07,,,,0.0
2014-02-14,,,,0.0
2014-02-21,,,,0.0
2014-02-28,,,,0.0
2014-03-07,,,,0.0
2014-03-14,,,,0.0
2014-03-21,,,,0.0
2014-03-28,,,,0.0
2014-04-04,,,,0.0
2014-04-11,,,,0.0
2014-04-17,,,,0.0
2014-04-25,,,,0.0
2014-05-02,,,,0.0
2014-05-09,,,,0.0
2014-05-16,,,,0.0
2014-05-23,,,,0.0
2014-05-30,,,,0.0
2014-06-06,,,,0.0
2014-06-13,,,,0.0
2014-06-20,,,,0.0
2014-06-27,,,,0.0
2014-07-03,,,,0.0
2014-07-11,,,,0.0
2014-07-18,,,,0.0
2014-07-25,,,,0.0
2014-08-01,,,,0.0
2014-08-08,,,,0.0
2014-08-15,,,,0.0
2014-08-22,,,,0.0
2014-08-29,,,,0.0
2014-09-05,,,,0.0
2014-09-12,,,,0.0
2014-09-19,,,,0.0
2014-09-26,,,,0.0
2014-10-03,,,,0.0
2014-10-10,,,,0.0
2014-10-17,,,,0.0
2014-10-24,,,,0.0
2014-10-31,,,,0.0
2014-11-07,,,,0.0
2014-11-14,,,,0.0
2014-11-21,,,,0.0
2014-11-28,,,,0.0
2014-12-05,,,,0.0
2014-12-12,,,,0.0
2014-12-19,,,,0.0
2014-12-26,,,,0.0
2015-01-02,,,,0.0
2015-01-09,-0.013308059886713979,-0.009691573256327218,-0.009833180602252134,1.0
2015-01-16,0.018088787530817968,0.010491177725781958,0.011413176325973273,0.0
2015-01-23,-0.01047058764469001,-0.019302990538101458,-0.022764003244841402,0.0
2015-01-30,0.025689989016390375,0.02660503826535316,0.023594294198349797,0.02
2015-02-06,0.02672427888807196,0.02164131645257433,0.02261058995640619,0.02
2015-02-13,0.005846692364884975,0.009429506252114571,0.007354495014653795,0.02
2015-02-20,-0.0008394880481819998,-0.0018110197146771615,-0.0007584871619588096,0.06
2015-02-27,-0.022875981607656113,-0.015968926002451637,-0.01442281141308055,0.14
2015-03-06,-0.008043569312960021,-0.0021224850577643835,-0.0049578456201170296,0.04
2015-03-13,0.0350990479165563,0.0255284748347235,0.022491523157258886,0.04
2015-03-20,-0.016794643525639776,-0.015145956281053148,-0.016348185611048338,0.0
2015-03-27,-0.005935616545842129,-0.0035232436267838064,-0.0077787147600412165,0.0
2015-04-02,0.024186233476327885,0.017690046044465123,0.021911782681876657,0.0
2015-04-10,0.002210205441741244,-0.003542155332471039,-0.0038595502131117954,0.04
2015-04-17,0.014176710935954052,0.01072318065838446,0.015641623655729076,0.0
2015-04-24,-0.0014027387188926,-0.005876089048264189,-0.005180857769808922,0.1
2015-05-01,-0.0006616847974836768,0.0018993253904074647,0.0016099503682451832,0.14
2015-05-08,0.006264362652938523,0.003911400940077392,0.0031666820963283104,0.16
2015-05-15,-0.0029551525105791505,0.00042397381286520973,0.0007537913159980647,0.06
2015-05-22,-0.0005568131845684875,-0.005036978644709343,-0.002165844366504799,0.04
2015-05-29,-0.013794069014570937,-0.009255279849992325,-0.010852153037368195,0.0
2015-06-05,-0.012173016056974224,-0.005457035454954161,-0.004769976797219133,0.0
2015-06-12,0.025672538577442828,0.021185642953766456,0.02061347335536312,0.02
2015-06-19,-0.02437381507728887,-0.02011543703979701,-0.018215334920369086,0.02
2015-06-26,-0.012550632571992366,-0.012684246527355586,-0.010958709904081876,0.0
2015-07-02,0.013870738428019922,0.014665168383103118,0.015648141279571703,0.0
2015-07-10,0.009982868130901205,0.005556907582581867,0.017991275370191184,0.0
2015-07-17,-0.02199050747341428,-0.02585588885354394,-0.027308994416004317,0.02
2015-07-24,0.02250911678927959,0.02089527916166111,0.01700995022520746,0.06
2015-07-31,-0.0012533248960945186,-0.0017172528737210318,-0.005606732574340412,0.06
2015-08-07,-0.0008078249764790854,0.0006063864948781977,-0.002723628427231284,0.2
2015-08-14,-0.10853191194625533,-0.09939319052675231,-0.10167207872989803,0.04
2015-08-21,0.06423044825120822,0.056719727599231995,0.05664272576211382,0.02
2015-08-28,-0.002869283596332712,-0.01157665493924171,-0.010953377452165958,0.0
2015-09-04,0.01090654305137649,0.0026189406868331894,0.005154433943347803,0.02
2015-09-11,-0.00011925989811039091,0.003946723020852682,0.0025957819044104546,0.02
2015-09-18,-0.03761874967118956,-0.028258018859672867,-0.023721998728823968,0.0
2015-09-25,0.01689732209538713,0.021393614801890302,0.024403183242853288,0.02
2015-10-02,0.02882978198430844,0.03192677709386814,0.02524684452510817,0.0
2015-10-09,-9.945390699445774e-05,-0.0034017299939651663,0.0053616840588111,0.02
2015-10-16,0.026211889670387567,0.017530589049715696,0.023703652118759022,0.0
2015-10-23,0.00748221870337538,0.0022544152132786834,0.004920567900126738,0.04
2015-10-30,0.00662251276919231,0.005665125055911835,0.004752392760212887,0.06
2015-11-06,-0.03929706766049691,-0.036668099061304874,-0.03339546286128292,0.14
2015-11-13,0.036970271790230255,0.03334076659318517,0.03489516832293105,0.1
2015-11-20,0.006536658092298684,0.0062143691407981145,0.0017668890715587526,0.0
2015-11-27,-0.0039038122388781993,-0.009444281609345793,-0.0024791074365732024,0.04
2015-12-04,-0.03633020730327288,-0.03619574546338725,-0.03422067665774531,0.0
2015-12-11,0.0047934696527046,0.0003559272936096218,0.0026658756581150467,0.0
2015-12-18,0.02071599810524992,0.02367111666242627,0.017129104340145807,0.0
2015-12-24,-0.025179000572183984,-0.02073778317862602,-0.021331623347135675,0.0
2015-12-31,-0.04760173546794624,-0.04342899812270668,-0.03730827477825194,0.0
2016-01-08,-0.02724774041605059,-0.02279833791111446,-0.015802405926388263,0.0
2016-01-15,0.004501926951141594,0.0006110248597745307,-0.00021093493507828853,0.88
2016-01-22,0.020472019902412843,0.018584329429333628,0.013742768747036838,0.04
2016-01-29,-0.037715594791811774,-0.02761219051386026,-0.03511144950303191,0.16
2016-02-05,0.01648041179827794,0.009376071259157891,0.016149082515775515,0.34
2016-02-12,0.03037092640031598,0.03195462652757742,0.027017149308550037,0.18
2016-02-19,0.01947956612871282,0.01511754049074151,0.006395869926382414,0.04
2016-02-26,0.03253354259921185,0.03359133609787022,0.021680526275458023,0.1
2016-03-04,0.019267215007028687,0.01625047149598661,0.01414630319990029,0.08
2016-03-11,0.017636647907617473,0.01905741558740669,0.014654461512819017,0.0
2016-03-18,-0.006783500241288722,-0.007688337893456016,-0.0022543543844324443,0.0
2016-03-24,0.01488204291507754,0.01734815848308154,0.015814746611499064,0.0
2016-04-01,-0.008950269768955785,-0.012006303411432542,-0.007639269808705107,0.0
2016-04-08,0.005427165088973165,0.01240805190625563,0.012326608282234197,0.0
2016-04-15,0.00573735758500288,0.010066595548656852,0.002310119522806353,0.02
2016-04-22,-0.013601329470177318,-0.002840592804433775,-0.006434184782096564,0.08
2016-04-29,-0.01309153967972182,-0.008395250300426897,-0.006524122310317071,0.26
2016-05-06,-0.00241719050807367,-0.007086925133769417,-0.0029674707300496594,0.2
2016-05-13,0.005111181352204173,0.004331737964952347,0.002683172391090727,0.12
2016-05-20,0.029946718899763344,0.026923684666180468,0.024572992455718312,0.06
2016-05-27,3.9121774485500045e-05,0.003299279117169349,0.0006649249713386318,0.06
2016-06-03,-0.01125669328023402,-0.007050334337135676,-0.006359661649736448,0.02
2016-06-10,0.004433928601575658,0.005775642942773183,0.0026075036502626325,0.02
2016-06-17,-0.03710392837905945,-0.039069236262589825,-0.03462268248691036,0.02
2016-06-24,0.03393798571779531,0.0366688761576886,0.03650948475837157,0.02
2016-07-01,0.02826785875153179,0.021942249035291458,0.02029193229659132,0.02
2016-07-08,0.022700953314775375,0.016664951013973216,0.013040101690926953,0.02
2016-07-15,0.01382318003255201,0.0050204909815486625,0.004769330684633033,0.04
2016-07-22,0.012532544873077688,0.0008760336334781947,0.0008751346547899441,0.16
2016-07-29,0.00889544101644955,0.003528152240595398,0.005571314300893304,0.26
2016-08-05,0.008496759126583885,0.0016602107565318574,0.002243761078290607,0.22
2016-08-12,0.00680311158179441,0.001175005643891235,-0.002878253044452328,0.06
2016-08-19,-0.002949495075310502,-0.003482371178312851,-0.0037569881735793897,0.04
2016-08-26,0.0011354966337128358,0.0057002244234951255,0.00579454312591432,0.06
2016-09-02,-0.04252452083923266,-0.032386121830102206,-0.028852067572173512,0.02
2016-09-09,0.02257890090761115,0.012197085129078494,0.013285224563120535,0.0
2016-09-16,0.007375043092462261,0.008262771892511369,0.004156176209963558,0.0
2016-09-23,0.014913275236022793,0.0049150372550159985,0.0037208079311732423,0.0
2016-09-30,-0.0021854916454705454,-0.002465275995220519,0.0015752950530025789,0.02
2016-10-07,-0.021386770237830657,-0.01622007049875186,-0.014202403979153955,0.0
2016-10-14,0.006832609347291749,0.010438086848120207,0.008963199341975203,0.04
2016-10-21,-0.005600436173473735,-0.012130185983440556,-0.00962814059824435,0.2
2016-10-28,-0.009040365455018481,-0.002330172814167738,-0.020569923633353304,0.3
2016-11-04,0.03841939920983444,0.031537280562324944,0.04066185194046534,0.2
2016-11-11,0.02082671210105587,0.01462394053472167,0.009860223550831604,0.02
2016-11-18,0.008559335271326617,0.011165641883030973,0.009079787549853169,0.08
2016-11-25,-0.014984171122034283,-0.0031690816372697745,-0.0023057691089551913,0.04
2016-12-02,0.0394231355681489,0.02908952800555014,0.02605911557293128,0.06
2016-12-09,-0.014249058870050329,-0.007085493623706492,0.0007846280730079425,0.02
2016-12-16,-0.00014976601169641723,0.002247391383239292,0.003418496160854767,0.0
2016-12-23,-0.00864412709741338,-0.003087735295930295,-0.0043358560082794595,0.04
2016-12-30,0.02246650956854749,0.009516316121131371,0.008309616425024702,0.04
2017-01-06,0.008087933000839391,-0.0005967892060526745,-0.0026442614646630114,0.02
2017-01-13,0.002224037937207195,-0.0005625794953045459,0.0019000896493495123,0.0
2017-01-20,0.011830260819963422,0.009527330291233505,0.0063066904683994895,0.04
2017-01-27,0.011105731119123267,0.0015867154545758163,0.0030678967770969567,0.18
2017-02-03,0.010096125968411224,0.015125825232268957,0.014025431003055644,0.22
2017-02-10,0.01017577721429088,0.010084524268084719,0.01482247836377204,0.22
2017-02-17,-0.0027188897452404444,0.0039125543183796,0.004755334015513091,0.06
2017-02-24,-0.0019887046915594304,-0.00024165225935798558,0.0036343100185527444,0.14
2017-03-03,0.0034690963500735306,-0.003089715332137097,0.0005053758853861279,0.12
2017-03-10,0.00893600924208635,0.005482508929292867,0.0018566654869913712,0.02
2017-03-17,-0.022205230290918525,-0.021600309401255565,-0.02151646877054858,0.0
2017-03-24,0.023826892204853126,0.0201772576993271,0.0166861451596918,0.04
2017-03-31,-0.00963827255640003,-0.004794058947174114,-0.0018659318267827407,0.0
2017-04-07,-0.012041872925657986,-0.009659757424716576,-0.009559830558355076,0.0
2017-04-13,0.019761300074768402,0.019642651995697803,0.01745958753759691,0.02
2017-04-21,0.0045542865347886164,0.0009523097562300708,0.006324275643942334,0.04
2017-04-28,0.0021838226749078694,0.003380902433916289,0.004483316022941386,0.12
2017-05-05,0.008794464983506934,-0.00464785324377112,-0.0011680992907087129,0.18
2017-05-12,0.00023605125622617334,0.0002886326220167629,-0.0023805904660075816,0.18
2017-05-19,0.011361889296968351,0.007598350895248878,0.01021368392774713,0.04
2017-05-26,0.01753220901433166,0.0122677884287453,0.010897620921442863,0.1
2017-06-02,-0.010092572602863977,-0.0005874606218630484,-0.003443256579183096,0.02
2017-06-09,0.004882750300781042,0.007660364620209772,0.006778064638300885,0.02
2017-06-16,0.0064212222450642465,-0.0027554567495572456,0.0012724189455315393,0.02
2017-06-23,-0.005711657047184922,0.002105286794828983,-0.004181733324025827,0.04
2017-06-30,-0.005349886664097847,-0.006703271806314642,-0.003170395574076945,0.02
2017-07-07,0.02459343268782868,0.014939799022860254,0.013877917852306743,0.0
2017-07-14,0.009113124220686244,0.005311657464047905,0.005377287015850163,0.0
2017-07-21,-0.005608544160745947,0.0018671306198922097,0.0023503318538939943,0.18
2017-07-28,-0.010260226879857054,-0.0032892805635006154,0.00048505625615513637,0.24
2017-08-04,-0.002946662986395403,-0.009727610066520835,-0.007676972689988681,0.1
2017-08-11,-0.018792472136828848,-0.012604238561790423,-0.012011919975028373,0.14
2017-08-18,0.012878892622385651,0.010719618180094467,0.010426908079441466,0.06
2017-08-25,0.009085354756004771,0.008038544763747936,0.008524666083359778,0.02
2017-09-01,0.010634598479799452,0.00582919092936053,0.0031544182694547285,0.06
2017-09-08,0.013967473057136996,0.012031892325646817,0.011324012643813663,0.02
2017-09-15,-0.002535779512912644,-0.0008270766494783296,-0.001842870417920972,0.02
2017-09-22,0.013086388529244361,0.011678627603576828,0.009391932749852616,0.04
2017-09-29,0.007363146515616336,0.010957667250858366,0.012485560805292506,0.04
2017-10-06,0.0030000328425988944,0.0031126909811901578,0.002277703895097405,0.0
2017-10-13,0.01129212143258195,0.00985375564097695,0.008894618024765988,0.02
2017-10-20,-0.016733519563986023,-0.007998591045498634,-0.0039225907265407756,0.16
2017-10-27,-0.0005457336448160194,0.002240859497242085,0.007135405969380226,0.24
2017-11-03,0.006703671527358975,-0.0006072320049103473,-0.0038327090158799537,0.22
2017-11-10,0.012684833224979477,0.009005694755182923,0.0032256066467144517,0.12
2017-11-17,0.009965843909279081,0.005372284581078137,0.00879389209604664,0.04
2017-11-24,0.013992944824155262,0.027796696903118413,0.022656486114283503,0.02
2017-12-01,-0.0028123164385165534,-0.002703093080860572,-1.91941331495471e-07,0.02
2017-12-08,0.014440865913384731,0.00865712422787993,0.011867360708696317,0.02
2017-12-15,-9.590819132528239e-05,-0.0006236381892859958,-0.003916758657336428,0.0
2017-12-22,0.0034563105475883637,0.004830883072778434,0.0029588479041158244,0.02
2017-12-29,0.02708052619733184,0.017141491864946002,0.02042223651380315,0.0
2018-01-05,0.014527337095021083,0.018015400639661634,0.0220995886989106,0.04
2018-01-12,0.005725360769429322,0.0031762583530135333,0.0029355843986689223,0.02
2018-01-19,0.028567758769301944,0.016572282729769086,0.020558861545582285,0.02
2018-01-26,-0.05052024098276745,-0.04392225339519934,-0.043647092960806155,0.2
2018-02-02,-0.027276500781675917,-0.03402485295646525,-0.03518005011903924,0.28
2018-02-09,0.028912916048059914,0.02899031522351113,0.03108045068858023,0.18
2018-02-16,0.015155948041607695,0.011643216368801246,0.014336775160557869,0.06
2018-02-23,-0.016903082343567764,-0.029405649296341065,-0.029717630583434684,0.14
2018-03-02,0.0495165508602722,0.04152516246321206,0.04284157951892276,0.06
2018-03-09,-0.016011696503722854,-0.01167946956697633,-0.017031791377514316,0.02
2018-03-16,-0.03824882436588197,-0.03631052350847966,-0.04104591791946355,0.02
2018-03-23,-0.0014377594155977193,0.007432317975882441,0.001602037879916196,0.02
2018-03-29,-0.009356154067820832,-0.00624957520873269,-0.004494382047442125,0.02
2018-04-06,0.019572107626938427,0.015741677266461692,0.021540405552188835,0.02
2018-04-13,-0.0019118394150593576,0.0011947836072133654,0.0009739674497728501,0.0
2018-04-20,0.0037302486131568302,0.00382976401044572,-3.181938190710554e-08,0.04
2018-04-27,-0.006844927670186658,-0.007486151298594092,-0.0013843655987062498,0.12
2018-05-04,0.02795322204211023,0.01841296278314103,0.02416704501574163,0.24
2018-05-11,0.006993679832757198,0.003287828289628215,-0.0012073359588627985,0.2
2018-05-18,-0.009169453612565319,-0.009096681695784606,-0.00988981817535306,0.04
2018-05-25,0.016705846002803743,0.010733668142610219,0.015611859987390897,0.1
2018-06-01,0.02133319312606316,0.016308706184369505,0.014242566889759445,0.04
2018-06-08,-0.0008116590222349717,-0.004835495304896718,-0.006152146593005892,0.02
2018-06-15,-0.013086535427938762,-0.005345072830341233,-0.007441121070315471,0.06
2018-06-22,-0.017302885256815875,-0.016080587375712822,-0.014372745563488998,0.04
2018-06-29,0.027933560283057025,0.02471420813020263,0.026121711566427397,0.04
2018-07-06,0.014124690454153346,0.0054684149687955225,0.011173363025633876,0.0
2018-07-13,0.00012651579223421194,-0.00020246302537764622,-0.0006790880836871072,0.0
2018-07-20,-0.0034030850560525503,0.007545554320995734,0.007371060863492485,0.08
2018-07-27,0.0067411692659655725,0.006970924669912377,0.007566466508167169,0.26
2018-08-03,-0.001653357146525713,-0.004877972161260188,-0.0005992938470423814,0.2
2018-08-10,0.0060356235641467575,0.01156297048464672,0.0074081839148518736,0.12
2018-08-17,0.021131129354485613,0.010256178221946402,0.011521005186729383,0.04
2018-08-24,-0.0019276871754701076,-0.0007386548367324039,0.003392485256961786,0.02
2018-08-31,-0.008761800183794619,-0.0012659769002684779,-0.003795277977792999,0.08
2018-09-07,0.005691887831150948,0.008169658556545669,0.007204365304824822,0.02
2018-09-14,0.0020569831704534878,0.0066637182587201875,0.0063224408069897375,0.02
2018-09-21,-0.00657414936936958,-0.00815275887040405,0.002643135265470997,0.02
2018-09-28,-0.03416523768798551,-0.019525748034278707,-0.017322166926674543,0.04
2018-10-05,-0.043993687581680097,-0.043590663339288,-0.04006310875510566,0.02
2018-10-12,-0.003934058986647715,0.004902426143459546,0.005262385880811626,0.04
2018-10-19,-0.045382722689303386,-0.03090611181138216,-0.02960290282904099,0.06
2018-10-26,0.02845578783465832,0.028957362163379886,0.013541528258289581,0.28
2018-11-02,0.012922934755543418,0.015433104014012227,0.017435108905096586,0.3
2018-11-09,-0.01781610930379393,-0.009084173629687022,-0.014935828308508037,0.12
2018-11-16,-0.018165687091901177,-0.017351796900507515,-0.026624982774032357,0.02
2018-11-23,0.03986284164897178,0.040886598001566916,0.05455693077966406,0.08
2018-11-30,-0.06738669745075762,-0.0582849997101201,-0.06033312875293906,0.0
2018-12-07,-0.015607861273136635,-0.01961073113991296,-0.01507353740214179,0.0
2018-12-14,-0.07624024890822449,-0.07025060262512907,-0.07310756690682607,0.02
2018-12-21,0.04652028834309302,0.03617457526734348,0.04400931674915687,0.02
2018-12-28,0.017118578542904966,0.014468894700878782,0.0125420317748266,0.0
2019-01-04,0.03161241055100589,0.026140184142949715,0.01650244369448961,0.0
2019-01-11,0.033009258178275935,0.031254285578427,0.03099000124820228,0.02
2019-01-18,0.0013308993625133138,-0.0018446980877823442,-0.005400201850915609,0.1
2019-01-25,0.03053260094445041,0.028476219420125674,0.02551351802055879,0.16
2019-02-01,0.011440908497697551,0.007027672226629621,0.004035531364627198,0.3
2019-02-08,0.02349354927351316,0.022773963671227818,0.01946894459599169,0.18
2019-02-15,0.015238878650761444,0.016154157535043158,0.015371824712593574,0.16
2019-02-22,0.00015368137417483008,4.592816009972023e-05,0.0030988338043418384,0.06
2019-03-01,-0.03952890517337422,-0.02739804816106156,-0.022514181015166,0.12
2019-03-08,0.03327957847651357,0.02471170662958354,0.02735684292714624,0.02
2019-03-15,-0.011521447489111452,-0.013956897950864595,-0.009518837906635214,0.0
2019-03-22,0.024087815747903297,0.025342133270831513,0.02090565854724824,0.04
2019-03-29,0.02141693153585848,0.01635271424770726,0.011942471953276135,0.02
2019-04-05,0.003074126685126559,0.007785418775262004,0.0074281434150822445,0.02
2019-04-12,-0.006842483703667777,-0.00876314511309633,-0.0036870592307854944,0.02
2019-04-18,-0.0021461710617741536,0.009663185464427897,0.01500888945119172,0.04
2019-04-26,-0.010916759675817135,-0.012420329484372663,-0.014514028984785599,0.28
2019-05-03,-0.028766107358343958,-0.021071001820412764,-0.023613016793335717,0.3
2019-05-10,-0.0095808247817089,0.00030136225701235693,0.00580733411400125,0.22
2019-05-17,-0.0027240707138737564,-0.002831802551149186,-0.00341493129722259,0.04
2019-05-24,-0.03210290978274488,-0.027961759818946975,-0.027482244329019356,0.1
2019-05-31,0.06415557006569778,0.05322868941630173,0.05106948176457449,0.1
2019-06-07,-0.0003770951521207543,0.0012758981006683258,0.0005181424754032715,0.08
2019-06-14,0.025132224116623594,0.01896835776315517,0.021211591896690196,0.0
2019-06-21,0.023792066835031555,0.013363643908573843,0.008326619370676802,0.04
2019-06-28,-0.0019915406955503512,-0.0008880682004009862,0.0011123953264624564,0.02
2019-07-05,0.01142741996992311,0.00909207256518998,0.01387140933822506,0.02
2019-07-12,-0.003203846888939652,-0.009489458841618451,-0.01168923877142003,0.0
2019-07-19,0.02027261763866198,0.012599184012000808,0.014347716724323556,0.02
2019-07-26,-0.060357904062960266,-0.044313676152470775,-0.04568062914423221,0.14
2019-08-02,0.01247321151450785,0.0024631180903762007,0.006490935110957219,0.32
2019-08-09,-9.687984612704681e-05,0.0021561377822512133,0.007690971442817718,0.12
2019-08-16,-0.01954440124827586,-0.01820953453880757,-0.016838836336896423,0.04
2019-08-23,0.004027605371619307,0.011866495556550895,0.011487955153684615,0.06
2019-08-30,0.034972198768719584,0.03279888960305191,0.02949368182669221,0.1
2019-09-06,0.010783737995410539,0.013246060463738902,0.0023400383590013174,0.02
2019-09-13,-0.011524784325874038,-0.0073094564314863724,-0.003054801160691123,0.02
2019-09-20,-0.014580952953051559,-0.0012477529259787338,-0.005309930287201281,0.04
2019-09-27,-0.007837064107212932,-0.015154418834546518,-0.008447081108426291,0.02
2019-10-04,0.013458759998593686,0.007710368238366541,0.008382531215478162,0.04
2019-10-11,0.016571796796842973,0.015018767371795246,0.011793635679285819,0.0
2019-10-18,0.025543904500465522,0.01243033626562413,0.011756156328414535,0.04
2019-10-25,0.01974400201278485,0.013412100980362131,0.016207473113183823,0.16
2019-11-01,0.0015238696710610272,-0.002778679472304418,-0.001396787998720228,0.3
2019-11-08,0.008307406020130534,0.011363134977019355,0.013369615073620666,0.14
2019-11-15,0.0036501471579738513,0.0006181547421237602,0.0014441762675845293,0.06
2019-11-22,0.006447212749764073,0.007246299482241576,0.008365876414697215,0.0
2019-11-29,-0.0032157440787091243,7.494548554682174e-05,-0.0004764970075956665,0.02
2019-12-06,0.01978869225176442,0.01382139683867978,0.015201651399352478,0.0
2019-12-13,0.017979745993862997,0.01353903360658078,0.012377327992683318,0.0
2019-12-20,0.00015197052139230837,0.00010712818151562054,0.004228899309967504,0.0
2019-12-27,-0.006870140643322545,-0.007911009500300508,-0.007617265043674104,0.08
2020-01-03,0.01736677487076423,0.011382695045425079,0.01840938722771135,0.02
2020-01-10,0.014953972152187966,0.0165415301381074,0.013817714475316212,0.02
2020-01-17,-0.025866308571884784,-0.02571777904536321,-0.023783693471283507,0.1
2020-01-24,-0.0056361194131665845,-0.005139977114805696,0.000990481640500418,0.02
2020-01-31,0.022654516613372002,0.020080069407556904,0.0243701323074339,0.3
2020-02-07,0.015119774864762434,0.016212428039474615,0.015940617553406478,0.16
2020-02-14,-0.03748423090412654,-0.032890216474388737,-0.03973136433701585,0.1
2020-02-21,-0.07554904885385562,-0.09165317604667134,-0.07714913235313348,0.12
2020-02-28,-0.08275057898316715,-0.08488960379929746,-0.07682503970179722,0.08
2020-03-06,-0.16186874909395016,-0.16355825292669396,-0.12393776281440971,0.0
2020-03-13,-0.036184668855503255,-0.07483856702024863,-0.04829661768865845,0.02
2020-03-20,0.13279141997618907,0.145275171959915,0.12055745473168211,0.02
2020-03-27,-0.005839340096566254,-0.010871606909848997,0.008369173543829156,0.04
2020-04-03,0.08987875339316083,0.12105283971146903,0.07485292371602692,0.02
2020-04-09,0.01181709366068826,-0.014386036462997086,0.019737246833682498,0.06
2020-04-17,0.005604193594073936,0.010191601429840776,0.008881612261042005,0.04
2020-04-24,-0.012141444138968158,-0.008824426551236988,-0.015362129548122994,0.08
2020-05-01,0.03088802436546155,0.037672585513094575,0.03419550095965618,0.26
2020-05-08,-0.005346985892743656,-0.003927064473270462,0.009333773134744483,0.34
2020-05-15,0.04839203787545307,0.05162417091418664,0.03030170067565363,0.1
2020-05-22,0.006804855038826819,0.014349697116409082,0.005597537249165452,0.12
2020-05-29,0.12851327979507499,0.10514714757981611,0.05467371930582621,0.0
2020-06-05,-0.10794896793305514,-0.10402473610075534,-0.06932723730774326,0.02
2020-06-12,0.03947351634540495,0.03472005355543599,0.03800184387372196,0.0
2020-06-19,-0.03016281483037992,-0.028142283849265745,-0.021364391697341834,0.0
2020-06-26,0.048602175597186055,0.046069950523292914,0.04963301459208114,0.04
2020-07-02,-0.008105080897521898,-0.010689565062030467,0.011885023272818485,0.04
2020-07-10,0.02445459748794492,0.026368498396677015,0.004060807419693946,0.02
2020-07-17,0.006937180255071542,0.004652582111736916,0.0006225786347324735,0.02
2020-07-24,0.002745050821374606,0.00616800996119596,0.02080019289195878,0.1
2020-07-31,0.030919856707633454,0.02680787208729622,0.020528726335217184,0.44
2020-08-07,0.017208792530228386,0.01319070248620673,0.008595487067042828,0.2
2020-08-14,-0.011082852821114642,-0.012121695778092783,0.012368826137654887,0.02
2020-08-21,0.035105974392867,0.023085970477673568,0.02405603727864869,0.06
2020-08-28,-0.02994894649092384,-0.021459585043310664,-0.038932668939737014,0.02
2020-09-04,0.010381671076226092,0.002920940945361483,0.0023165050859059733,0.04
2020-09-11,-0.028305274551001815,-0.01959129722257772,-0.03107115337336619,0.02
2020-09-18,0.014230609477580727,0.005765523591864355,0.02308882444109095,0.02
2020-09-25,0.010303123827990012,0.018515593748893423,0.00852296299651889,0.02
2020-10-02,0.037949209115755514,0.03796686892878244,0.04026060783640828,0.02
2020-10-09,-0.0070687429316340245,-0.004078635099279389,-0.002688826137282052,0.0
2020-10-16,-0.002530839420859081,-0.00764164746272838,-0.018700558100688047,0.0
2020-10-23,-0.04805376710391432,-0.034361770172691965,-0.03487008191384966,0.18
2020-10-30,0.12459618846203929,0.10747212723780931,0.10227144067491256,0.32
2020-11-06,0.004732961410813884,0.017198941178283467,-0.00821481015580261,0.24
2020-11-13,0.005173887427667314,-0.005740929828951154,-0.010249885392600966,0.02
2020-11-20,0.02934416371017678,0.018285358483974976,0.01553385151120068,0.08
2020-11-27,0.03645905282965069,0.02085855232064216,0.017060205260308603,0.06
2020-12-04,0.0060805194720945565,0.0009266510594268613,-0.0010294692755313806,0.02
2020-12-11,-0.026302193046309475,-0.013500011089821356,-0.005735599385008339,0.0
2020-12-18,0.022615257227791553,0.01845982454718981,0.018549798492043967,0.02
2020-12-24,0.010691806434237925,0.00901634329694872,0.009603402116116655,0.02
2020-12-31,0.018952110479159415,0.014377063555709588,0.006767620217543291,0.0
2021-01-08,0.02023735532808107,0.014704400853932865,0.0012969856731535057,0.0
2021-01-15,-0.001488244033261368,-0.007896180590372483,0.01408773755565651,0.02
2021-01-22,-0.02688048975088921,-0.025574598683904406,-0.02593369196229378,0.06
2021-01-29,0.050774400781076985,0.044635327409910365,0.04160869941302958,0.2
2021-02-05,0.025692454400691872,0.019204845238651732,0.01204804751559263,0.28
2021-02-12,-0.011996931950911754,-0.00690157808994576,-0.01751437856784477,0.24
2021-02-19,0.004340494311880954,0.0065923400113469584,-0.0037978561271561073,0.04
2021-02-26,-0.004824699101040076,0.010737818742281508,-0.002411773030970288,0.06
2021-03-05,0.02817019877551712,0.029066201751997905,0.02513907154404227,0.04
2021-03-12,0.00032944640750566913,-0.007081359009399198,-0.007665086461021264,0.0
2021-03-19,0.004619007202641856,0.013147491978068608,0.011204240111734709,0.0
2021-03-26,0.02130536951045853,0.01798953424479601,0.022971608312278846,0.02
2021-04-01,0.009064495248979444,0.007610322773356098,0.018316474742224642,0.0
2021-04-09,0.007514165764243179,0.013471509335716775,0.013167786721234531,0.02
2021-04-16,0.0042608687096723896,0.008312511689294234,0.0028349069744861843,0.0
2021-04-23,-0.0027673223562185976,0.006162506427658729,0.004767159393117337,0.1
2021-04-30,-0.00118111981045367,0.019093576797914343,0.007319508752522852,0.26
2021-05-07,-0.021656283522687673,-0.013768357285302438,-0.01682863044217775,0.26
2021-05-14,0.011178807519928866,0.0026297567443338463,0.0046943363282876405,0.14
2021-05-21,0.019057249814468394,0.014131368669349817,0.012531755650671217,0.06
2021-05-28,-0.004806315307765403,0.001357213970963994,4.7544351039041644e-05,0.14
2021-06-04,0.012658849764166645,-0.0017173760448554527,0.004353918701579085,0.06
2021-06-11,-0.01828465266117034,-0.029765521148776203,-0.014764195170358652,0.0
2021-06-18,0.026193807829702615,0.027710778073186327,0.024880197822630734,0.0
2021-06-25,0.013040665239237532,0.004837532788364449,0.01547394466920271,0.0
2021-07-02,-0.0009810197552483646,-0.00280111879453844,0.0038034703475327003,0.0
2021-07-09,-0.03782834118295174,-0.02897221101063608,-0.021220273584378058,0.02
2021-07-16,0.04584017744649161,0.0303928627936188,0.030784380675667355,0.0
2021-07-23,0.010635981683949962,0.011921603107326493,0.0023447086888601643,0.08
2021-07-30,-0.002443000686101983,0.002537441199447111,0.004814316086070303,0.44
2021-08-06,0.00785808587966995,0.006492562432651046,0.0046786668261311615,0.26
2021-08-13,-0.008896968798565427,-0.004284399692346723,0.0014169598890321211,0.06
2021-08-20,0.019436140304456416,0.018223027065498564,0.013051546641899003,0.06
2021-08-27,-0.004387051187832574,-0.0029652028784940073,0.003858268955039046,0.02
2021-09-03,-0.010103751366539467,-0.008921315812103574,-0.008990199910752117,0.0
2021-09-10,-0.025580892660245054,-0.028434959705341066,-0.027564917217419938,0.04
2021-09-17,0.02115629706629222,0.02563901164196795,0.018234677375257302,0.0
2021-09-24,-0.02289677675298079,-0.01740464479626999,-0.02215390357214564,0.06
2021-10-01,0.003874583128347564,0.009714248393394223,0.009607401255800951,0.0
2021-10-08,0.015492446927747684,0.013349086290509349,0.0155777496007512,0.0
2021-10-15,0.02466927898748056,0.024441419322694346,0.023222450306124243,0.02
2021-10-22,0.008928624501970187,-0.002333305725571166,0.013251418337529408,0.16
2021-10-29,0.04616353484066649,0.024794532234009937,0.020421724113991235,0.22
2021-11-05,0.005079617988626506,0.0004518522747716354,-0.0022567553610666202,0.2
2021-11-12,-0.005917948412194844,-0.010880668038664274,0.004800904405959594,0.02
2021-11-19,-0.012128877064174474,-0.012114976502431481,-0.014482912880559584,0.02
2021-11-26,-0.018569662632838334,-0.01309617387324633,-0.017109648817194456,0.1
2021-12-03,0.022949706355723402,0.022225134757534286,0.030824661441146928,0.1
2021-12-10,-0.03138280994171594,-0.02282630026990978,-0.030016170829037625,0.02
2021-12-17,0.044046148841001505,0.035187112126308054,0.03868124327977163,0.02
2021-12-23,0.01573313578892978,0.016702560402944946,0.008982198685130616,0.02
2021-12-31,-0.01847733649929869,-0.013443398959706334,-0.02855341180025306,0.02
2022-01-07,-0.003376722644899293,-0.0068894831436664365,-0.00639737290412512,0.02
2022-01-14,-0.06797727759868129,-0.05740610304305958,-0.06027293118616317,0.02
2022-01-21,0.021239856741745826,0.011040621458901088,0.021317883257482295,0.08
2022-01-28,0.022704744986392973,0.021449291863659507,0.018742555707930153,0.2
2022-02-04,0.0003461069343383622,-0.005037700920992966,-0.02133438270994803,0.3
2022-02-11,-0.012049200130116927,-0.015227914363110254,-0.01825328158289974,0.16
2022-02-18,0.0002984076455180131,-0.0002992799618634864,0.0003240516349520828,0.14
2022-02-25,-0.007260871655422394,6.934062407037317e-05,-0.0011109999366920587,0.02
2022-03-04,-0.02622666261248721,-0.02013371525064451,-0.02470159234499003,0.08
2022-03-11,0.06502197230326094,0.05151606243182563,0.05899501904962512,0.02
2022-03-18,0.01164185621671061,0.008512938768719785,0.017373967544893176,0.0
2022-03-25,0.00818923614923186,0.0020806854420938013,0.0023669524820235655,0.04
2022-04-01,-0.02422748655215289,-0.01172448250113042,-0.01990591307725853,0.0
2022-04-08,0.0072442599073201,-0.006921536213015018,-0.01643747016030772,0.02
2022-04-14,-0.025380704027792203,-0.023821041444713007,-0.03008168007482981,0.02
2022-04-22,-0.0230659128509841,-0.024590231886374443,-0.02737978123408491,0.04
2022-04-29,-0.008676846386961956,-0.01823185136355379,-0.016914511291381995,0.28
2022-05-06,-0.012877635207021197,-0.006498116269618095,-0.012638906531655558,0.34
2022-05-13,-0.012929466977721174,-0.01087193890313159,-0.017875969383860935,0.06
2022-05-20,0.062412489410277,0.04865614948126772,0.05274536448374212,0.08
2022-05-27,-0.0041462470273846775,0.0006350687942493948,0.0029744230212229716,0.0
2022-06-03,-0.08762383078303215,-0.08223087530848396,-0.08421342981837199,0.02
2022-06-10,-0.029800255269235017,-0.02838414614402478,-0.016726492537038617,0.0
2022-06-17,0.04039824306296081,0.045268492786751706,0.05152047101246704,0.0
2022-06-24,-0.04453135456182636,-0.032180098120069354,-0.03879260936867801,0.0
2022-07-01,0.03389564072728359,0.016007622411724976,0.026524306393847397,0.02
2022-07-08,0.0072385094294512165,0.006890277691462952,0.006557082962260541,0.0
2022-07-15,0.04358256545532547,0.027237834874406966,0.01897603810552173,0.0
2022-07-22,0.04101036459943117,0.03162869003512123,0.03385962341389859,0.08
2022-07-29,0.019046937734020886,0.012555238061644032,0.014909244788922305,0.2
2022-08-05,0.027187191796361962,0.027548779987568463,0.02292580004601663,0.36
2022-08-12,-0.028426059514128577,-0.019410432420526983,-0.018174574090799034,0.12
2022-08-19,-0.02506665656220408,-0.031463138500415,-0.035606979945315254,0.06
2022-08-26,-0.022132408831744863,-0.01838869655044954,-0.02255117485712055,0.04
2022-09-02,0.05234448799024613,0.04500836962901696,0.03980877709096253,0.02
2022-09-09,-0.0638954350594141,-0.06196810323346351,-0.06103459769080488,0.0
2022-09-16,-0.057963460614869476,-0.050520167973460275,-0.0414639602343434,0.0
2022-09-23,-0.0009701201087752143,-0.00968743225994069,-0.014546563934736967,0.0
2022-09-30,0.023424186945584284,0.01214716474800998,0.00797594041806926,0.0
2022-10-07,-0.005531581390630267,-0.0007372776150064267,0.00013747103464889499,0.02
2022-10-14,0.041653575344814904,0.025057364225918484,0.03263645278301586,0.02
2022-10-21,0.04218957409941856,0.043540139553126585,0.02806675839800632,0.08
2022-10-28,-0.006416475175379873,-0.007162846390561425,-0.022590777782022786,0.28
2022-11-04,0.07456272150363338,0.05408591891585511,0.05017063845325165,0.18
2022-11-11,-0.030615739575084636,-0.010419594698981887,-0.005092479189114929,0.06
2022-11-18,0.009039214972007466,0.016185303055035474,0.011276155805621135,0.02
2022-11-25,0.02077498606129206,0.01131724128789006,0.012177414510358364,0.06
2022-12-02,-0.03378361994467442,-0.023013032503952802,-0.024359121093688985,0.02
2022-12-09,-0.017885874030747467,-0.02092834396986785,-0.022529821970107777,0.0
2022-12-16,-0.000505190161052671,0.0034750709831488304,-0.0017731380665378937,0.02
2022-12-23,0.015077953361256233,0.005531261876395216,0.00412774503997948,0.02
2022-12-30,0.030603338381140537,0.0260630203534636,0.015609801670866341,0.0
2023-01-06,0.029518394673122682,0.02254269763252263,0.020775415384797435,0.0
2023-01-13,0.0009998367232627592,-0.009337652181950174,-0.004416945858866761,0.0
2023-01-20,0.022372395861867973,0.013376450050075381,0.015325592165258639,0.02
2023-01-27,0.031702399592559286,0.015505218193932082,0.017353783547530144,0.22
2023-02-03,-0.024116487157529832,-0.005780296449011343,-0.002611334366612761,0.28
2023-02-10,-0.003262297057838019,-0.008296044880889648,-0.01384810467430897,0.22
2023-02-17,-0.009170288651234464,-0.010715415863928431,-0.007914554051127287,0.06
2023-02-24,0.01489787855685239,0.009238301178414192,0.012954205778466843,0.02
2023-03-03,-0.07346122909996615,-0.07048502886150029,-0.05737551045391154,0.02
2023-03-10,-0.002104865079243734,0.004802104262133958,0.027451955952801477,0.02
2023-03-17,0.02294182544419973,0.013890675034258722,0.01873089086679891,0.0
2023-03-24,0.04001891885618062,0.03446855302464317,0.026951752944245566,0.0
2023-03-31,-0.0268664547874589,-0.015509616967049084,-0.005478842187646493,0.06
2023-04-06,0.018623143849274378,0.01641085854805421,0.01416604633643992,0.0
2023-04-14,-0.0014450157936810838,0.0027724395268422693,-0.0009216112935143128,0.02
2023-04-21,-0.00017639252737562599,0.0010743457233459103,0.008446910986763756,0.1
2023-04-28,-0.010713409754986268,-0.010767295443843248,-0.006017332343000725,0.28
2023-05-05,-0.009804553834374417,-0.011051766522585816,-0.001816156270850522,0.26
2023-05-12,0.021943938543922285,0.008819445929794346,0.015574230020886759,0.14
2023-05-19,-0.0022052402940019532,-0.010887291944510215,0.008097746676270168,0.06
2023-05-26,0.01870199626123072,0.017039122216967413,0.014809383328859393,0.04
2023-06-02,0.021224489174427798,0.011245735058686371,0.006164106097062083,0.0
2023-06-09,0.018415236834212728,0.01795325103105616,0.018924542814525047,0.0
2023-06-16,-0.01933056688677413,-0.016184913140518283,-0.011041237559742512,0.0
2023-06-23,0.04344903344257423,0.03133695519810588,0.023808300511286795,0.0
2023-06-30,-0.012220247167597998,-0.006773062053783764,-0.010701632412859041,0.02
2023-07-07,0.02276060780563763,0.022159716328787278,0.024989759163433156,0.0
2023-07-14,0.01240536530126426,0.017788899406864296,0.009440493667391303,0.02
2023-07-21,0.01671107411982764,0.0029910450423859657,0.008911020774670098,0.06
2023-07-28,-0.03125916685152885,-0.018052382090312468,-0.01902030551903977,0.38
2023-08-04,-0.021885635386913616,-0.006188777896132436,-0.008936659212919418,0.26
2023-08-11,-0.015427309672968532,-0.022865834625158434,-0.016078248324092326,0.12
2023-08-18,0.005107053725958295,0.0035316966218173354,0.010718871300972932,0.0
2023-08-25,0.024096396509802883,0.014728349895662414,0.01919773189911611,0.02
2023-09-01,-0.01337365868805728,-0.012729010896650747,-0.005524363765565865,0.02
2023-09-08,-0.014389558295568306,-0.00514354035686683,-0.008092276075530758,0.02
2023-09-15,-0.04094725662291654,-0.031951690170351356,-0.031328081318973466,0.0
2023-09-22,0.003654790401555701,-0.00568087389863161,-0.005941821607230446,0.0
2023-09-29,-0.008073680163911436,-0.0130422337484573,0.002250230028261635,0.0
2023-10-06,0.013337701939456072,0.012078902031878959,0.014593755990359059,0.02
2023-10-13,-0.04314102553578152,-0.03379626006303656,-0.032755622408423335,0.0
2023-10-20,-0.016248670145809323,-0.01362125693203581,-0.014418026918461169,0.02
2023-10-27,0.059112095509579216,0.05446733268383441,0.05297903124136716,0.28
2023-11-03,-0.009807035430476788,-0.009147069050329023,0.008634453601986225,0.34
2023-11-10,0.05151679922885764,0.036256625803032363,0.025726830265411893,0.12
2023-11-17,0.006695343175268047,0.009189158997083635,0.009144677604053797,0.04
2023-11-24,0.0211972150535845,0.021317489229035542,0.002089678006106155,0.04
2023-12-01,0.006379404040776118,0.00810074751422831,0.008977045557388097,0.04
2023-12-08,0.048985642562753756,0.041740567221455444,0.0287140347265864,0.0
2023-12-15,0.015244522165646604,0.004815242501416526,0.006560587616327274,0.0
2023-12-22,-0.0038291706395920722,-0.0003608951039423146,-0.004028819800341976,0.04
2023-12-29,-0.018645906722445746,-0.008485983191999363,-0.007899835305408054,0.0
2024-01-05,-0.0014269898298236083,-0.0015926389522904123,0.014580700232863286,0.0
2024-01-12,0.012079788409497048,0.007186428996286077,0.01841102341964973,0.0
2024-01-19,0.0021930512709346806,0.005893929003753368,0.007685718695690902,0.04
2024-01-26,0.002343188974125159,-0.0001338726641126124,0.0122402570032627,0.1
2024-02-02,0.014970956365968372,0.011370948618607109,0.015130796838735305,0.26
2024-02-09,-0.008850718474812587,0.001042118742568448,-0.0068839678364838175,0.24
2024-02-16,0.01681091170202939,0.016071755324312306,0.021256964127631672,0.08
2024-02-23,0.015306482446537975,0.012363555653719048,0.007338141809539067,0.06
2024-03-01,0.0014065430452906845,0.008046808204261494,-0.003027085580739275,0.02
2024-03-08,0.000161329913325905,-0.0003148596240712058,0.01002392099321292,0.02
2024-03-15,0.009959768425463629,0.014824825353972473,0.011283948558618695,0.0
2024-03-22,0.013498074969053477,0.01712500918771606,0.007752977317607046,0.0
2024-03-28,-0.018949346835961917,-0.01681424607808091,-0.008934049637734032,0.02
2024-04-05,-0.014539561615853108,-0.01904677845274227,-0.007743547815208807,0.02
2024-04-12,-0.03775590189578886,-0.019247125903426837,-0.03358373575931006,0.02
2024-04-19,0.03632506934545592,0.016264440833199226,0.024626846561281335,0.06
2024-04-26,-0.0032452707574581936,0.005424176834811319,0.0071751425391168855,0.24
2024-05-03,0.008377736738510978,0.018152811556096406,0.017148447660041866,0.32
2024-05-10,0.008933110636981522,0.008776114582222218,0.013414858777995198,0.16
2024-05-17,0.005704185672404481,-0.012855517405360109,0.0013217943351619965,0.1
2024-05-24,0.0017493000766339616,0.0005189070800958612,-0.0023573450303220334,0.02
2024-05-31,-0.00494754927916421,-0.01213188779164494,0.00786369592540126,0.08
2024-06-07,0.009042191246400539,-0.003804422535796953,0.016692395302920993,0.02
2024-06-14,0.009463231135051717,0.015846345987834524,0.007389909534833983,0.02
2024-06-21,0.0002632255597033662,-0.0020049793461215013,0.002388375888348282,0.02
2024-06-28,-0.003314987997191683,-0.0036426968459217016,0.01797913117037475,0.0
2024-07-05,0.02139201948982443,0.027920994107920875,0.011864503391674441,0.0
2024-07-12,-0.013620445619614827,0.002179080939445252,-0.01606676175857813,0.0
2024-07-19,0.005017178348685119,0.0056711833429999884,-0.012622069374232825,0.02
2024-07-26,-0.06594903787919237,-0.04126443183453071,-0.06296464078310182,0.16
2024-08-02,0.03365445132482315,0.024829523700072652,0.04411319804193359,0.38
2024-08-09,0.036208500814377965,0.026411741945034123,0.038411582265447386,0.06
2024-08-16,0.027580313324165884,0.02336143619146012,0.015232644166194742,0.02
2024-08-23,0.0034265202082436616,-0.0006504777747439738,-0.004811828336929835,0.04
2024-08-30,-0.024225844228691725,-0.021836331385026008,-0.02822634206377106,0.02
2024-09-06,0.02262858561249173,0.02689633370223872,0.03137795979255498,0.02
2024-09-13,0.019631729612204475,0.013815272904473517,0.01663807489160818,0.0
2024-09-20,0.007925663329393862,0.008828874073956237,0.0018970259923842825,0.04
2024-09-27,-0.0140714530446109,-0.00486466905817608,0.0015425508462538762,0.02
2024-10-04,0.01524657075854782,0.011777658787506301,0.017363805289282608,0.0
2024-10-11,0.004906411735187188,0.00902464554119054,0.0045251876234775334,0.02
2024-10-18,-0.014619945244624238,-0.014257880249256102,-0.0021751228010840062,0.08
2024-10-25,-0.01913273818869292,-0.013967168820158084,-0.019568347883307968,0.16
2024-11-01,0.05990125029765133,0.044097398293527955,0.05012443625368679,0.34
2024-11-08,-0.035977473068285346,-0.02129580197985479,-0.02265713008389003,0.18
2024-11-15,0.03232235298513681,0.03359206284608764,0.022687765426990802,0.04
2024-11-22,0.012129658591134452,0.005114909838644581,0.005754456109382522,0.04
2024-11-29,-0.0030573087157652725,-0.011660072757916671,0.007827976148427451,0.04
2024-12-06,-0.017294903664374098,-0.019264385485095105,-0.0027811515279280163,0.02
2024-12-13,-0.03205905102508072,-0.03295400214391049,-0.021652134984886162,0.02
2024-12-20,-0.0032325788832485293,-0.0014683713621565463,-0.0050770246691113075,0.02
2024-12-27,0.01595137694470279,0.010606080706827161,0.014254470231246374,0.02
2025-01-03,-0.027258167948619193,-0.02602633981568916,-0.034380592778839314,0.0
2025-01-10,0.04396874123381501,0.05012857113751659,0.04324642007750512,0.0
2025-01-17,0.004865972705248127,0.0006959735879356903,-0.009755714749960842,0.04
2025-01-24,-0.008073154233073363,-0.011895044592606029,-0.003598026554259448,0.14
2025-01-31,0.013193515585800019,0.01247162941516061,0.01916778107419792,0.18
2025-02-07,0.010361419335154859,0.002473425532838884,0.011340462002402019,0.26
2025-02-14,0.00543950993777779,-0.0057164661987345,-0.014503722837142519,0.1
2025-02-21,-0.0032789681154884163,0.0037707707930122645,-0.009700575544323131,0.1
2025-02-28,-0.026161884710907884,-0.030914592455408254,-0.04795540681191568,0.08
2025-03-07,-0.01943194484392643,-0.014008270981672795,-0.008456788241718916,0.02
2025-03-14,0.012065079054779226,0.01625572070543067,0.01728374328654847,0.04
2025-03-21,-0.028530590099757436,-0.021757888197749483,-0.03673787551903773,0.0
2025-03-28,-0.12125924042930089,-0.1033034880102882,-0.11028871795800299,0.0
2025-04-04,0.09137868738697104,0.07606140361975977,0.1121444991895264,0.0
2025-04-11,-0.023818312428604934,-0.01888962641567274,-0.04207337243717746,0.0
2025-04-17,0.05841580364075838,0.04181296281641746,0.05800540842478874,0.02
2025-04-25,0.019924359113911518,0.019199443908471107,0.02027606744113819,0.18
2025-05-02,0.03381138229302925,0.03791419116630234,0.03359571490859259,0.2
2025-05-09,0.012295784102275314,0.006976331137986519,0.011402100247593028,0.2
2025-05-16,-0.005094907762680267,-0.012228660102545462,-0.00345175317254387,0.2
2025-05-23,0.00041935381089945665,-0.0016689541086274667,0.002883623093448362,0.04
2025-05-30,0.029820508226574227,0.01826692340257787,0.020348408055868017,0.04
2025-06-06,0.0059080560234042265,-0.0029085077008877912,0.0011339523674538388,0.0
2025-06-13,-0.007202521639182895,-0.005473503806693135,-0.005997644596939744,0.02
2025-06-20,0.0352940213446142,0.024450879967450743,0.03754379336637492,0.0
2025-06-27,0.018975071359906642,0.019431576370356314,0.009686134027905302,0.04
2025-07-03,-0.0046724812225571125,-0.0038904816003941605,-0.0003208305108026721,0.0
2025-07-11,0.007300309007463455,0.003285539752250185,0.009002376434409598,0.0
2025-07-18,0.018169621498791155,0.015874694130900122,0.013852465208372022,0.02
2025-07-25,-0.02631384608656226,-0.028560638490990102,-0.018526127059588227,0.14
2025-08-01,-0.004480946607085822,0.005316516714779109,0.01884391487772974,0.32
2025-08-08,0.028830994459090025,0.015091055821093933,0.008471092104202604,0.18
2025-08-15,0.01825247952466267,0.01782163235885547,0.0018356956330782825,0.02
2025-08-22,-0.018300766983508354,-0.012455239586035349,-0.010154834950819147,0.02
2025-08-29,0.020442909217629954,0.008533809948724614,0.017443182653487987,0.04
2025-09-05,-0.00011738729904854361,0.004668661417514081,0.016989931764468835,0.0
2025-09-12,0.011482333373571565,-0.0040333650146690955,0.00666406459716562,0.0
2025-09-19,0.007730122726057407,0.007676885811495497,0.0032619431952256583,0.0
2025-09-26,0.020143335877369554,0.01334260466352521,0.010927708625756871,0.02
2025-10-03,-0.02531005205594683,-0.028868026363673617,-0.01633356849682377,0.02
2025-10-10,0.017278848003052287,0.014425840231697126,0.010096134640791954,0.06
2025-10-17,0.024485046458077697,0.01638013772593103,0.023092305563392257,0.0
2025-10-24,-0.021504862189434485,-0.02330702246632211,0.004306221685111522,0.26
2025-10-31,-0.0007111691515124446,0.0031390906051536552,-0.012294557480372892,0.3
2025-11-07,-0.020210248670782492,-0.006080413705144761,-0.011133372030059818,0.32
2025-11-14,-0.008239070185771902,-0.00513343222322188,-0.010467377170634284,0.06
2025-11-21,0.036095866820905334,0.02243245119753232,0.024325097486126213,0.02
2025-11-28,0.013870688430447937,0.010277411078444827,0.011461329438510637,0.02
2025-12-05,0.010117186190923198,0.012258749619624315,-0.0012380681168392416,0.02
2025-12-12,-0.006517211222850501,-0.005537297497643505,0.00032218214546198,0.02
2025-12-19,-0.00020458101910096892,0.005102225202697755,0.005263626257925091,0.0
2025-12-26,0.0009310667684671348,-0.0024350761520421657,-0.0014544169174998123,0.0
2026-01-02,0.031325478974344526,0.020578380098129262,0.006030234596732242,0.0
2026-01-09,-0.007221697863349874,-0.0015236449974925339,-0.013305844861402405,0.04
2026-01-16,0.020857242253677858,0.01218430039593914,0.013206513383997365,0.0
2026-01-23,-0.02306359539297693,-0.008997215735581848,-0.0013179277880051021,0.1
2026-01-30,0.020982465639371516,0.017838205306576118,-0.00023210882842772396,0.12
2026-02-06,-0.00045074939698349357,0.0050604446311947006,-0.013460497284359163,0.34
2026-02-13,-0.0022556154696470026,0.0009003976692782798,0.011306462149955898,0.12
2026-02-20,-0.013047061725890674,-0.00014466171614771532,-0.01327366692627685,0.06
2026-02-27,-0.027546905254110157,-0.029042260204846702,-0.018137594266469104,0.08
2026-03-06,-0.0032595134695584216,-0.00800512324949968,0.0029862905910444937,0.02
2026-03-13,-0.00537162203651864,-0.00932457951464313,-0.012736550379588651,0.02
2026-03-20,-0.028039312479778474,-0.012738179454166233,-0.027291889464738928,0.02
2026-03-27,0.01739804150571876,0.01478374952306684,0.024605180434695395,0.04
2026-04-02,0.022157946327931947,0.017524431611163876,0.0328575745402202,0.0
2026-04-10,0.041330805448111414,0.03500551487667552,0.0463087248020182,0.0
2026-04-17,-0.0030990182174222714,-0.005792056776360801,0.0061937317771321165,0.0
2026-04-24,0.012347112459271031,0.0010295683639104803,0.009675106486852325,0.12
2026-05-01,0.015772361606607097,0.007437921655740226,0.022747807530116182,0.26
2026-05-08,-0.020969888202240862,-0.01300562374988897,0.004589618882054003,0.36
2026-05-15,0.04266434149123004,0.02759023898961225,0.013759908425097223,0.1
2026-05-22,-0.002459964548689941,0.0007534894091127813,0.007133247108455754,0.14
2026-05-29,-0.00578355854786665,0.003322741332207632,-0.015886500998999797,0.02
2026-06-05,0.02796596836686937,0.02181226277345435,0.01142110877939917,0.02
2026-06-12,-0.017726381354107028,-0.01841844650441343,-0.0029576343831290153,0.0
2026-06-18,0.0015366828907866913,0.01979695955405231,-0.014939170701798732,0.02
2026-06-26,0.003759851548229922,0.010234789176157803,0.016577699688431924,0.0
2026-07-02,-0.002481971968935297,-0.0007836519014926094,0.004981706592404933,0.02
2026-07-10,-0.006635287250408803,-0.003239362216977769,-0.007189647002227018,0.0
2026-07-17,0.011701314546324481,0.005017490892807944,-0.002877960447443928,0.0
2026-07-24,0.0007891395264471159,0.006352818171756144,0.006081314618582967,0.1
2026-07-31,0.02572910592387634,0.018181852810402375,0.030902986666477616,0.22
2026-08-07,0.009783461731567583,0.011056986107699436,0.004633757486064649,0.24
2026-08-14,-0.01893657321052917,-0.001911023495530798,-0.014687297196827487,0.04
2026-08-21,-0.009758288913048899,-0.008816724374766398,0.0033342995743901316,0.02
2026-08-28,-0.006320747895279131,-0.005890333505494845,0.0022675716366662435,0.0
2026-09-04,-0.0187940981373694,-0.016614122593691615,-0.013093759422704299,0.0
2026-09-11,0.020117859049381116,-0.005410820637709707,0.012058999895510736,0.0
